;Unnamed: 0;FileName;timestamp;peds_speed;weaving;swerving;sideslip;timeofday;roadtype;Congestion;BrakeLight;GroundTruthRating;Jerk_binary;relspeed_binary;reldist_binary;turns_binary;stop_binary;ID;state;value;norm_value
0;0;0000f77c-62c2a288;5s;0;0;0;0;1;2;0;0;4;0;0;0;0;0;120000000;0;407.1155362771;0.9993593427
1;1;0000f77c-62c2a288;10s;0;0;0;0;1;2;0;0;4;0;0;0;0;1;120000001;1;407.0443406099;0.9991845765
2;2;0000f77c-62c2a288;15s;0;0;0;0;1;2;0;0;4;0;0;0;0;0;120000000;0;407.1155362771;0.9993593427
3;3;0000f77c-62c2a288;20s;0;0;0;0;1;2;0;0;4;1;0;0;1;1;120010011;2;407.0443406099;0.9991845765
4;4;0000f77c-62c2a288;25s;0;0;0;0;1;2;0;0;4;0;0;0;0;0;120000000;0;407.1155362771;0.9993593427
5;5;0000f77c-62c2a288;30s;0;0;0;0;1;2;0;0;5;0;0;0;0;0;120000000;0;407.1155362771;0.9993593427
6;6;0000f77c-62c2a288;35s;0;0;0;0;1;2;1;0;5;1;0;0;0;0;121010000;3;406.861387048;0.9987354746
7;7;0000f77c-cb820c98.mov;5s;0;0;0;0;1;0;1;0;4;0;1;0;0;0;101001000;4;407.1499464946;0.9994438106
8;8;0000f77c-cb820c98.mov;10s;0;0;0;0;1;0;1;0;4;0;0;0;0;0;101000000;5;407.2222088986;0.9996211954
9;9;0000f77c-cb820c98.mov;15s;0;0;0;0;1;0;1;0;4;1;0;0;0;0;101010000;6;407.2952012331;0.9998003719
10;10;0000f77c-cb820c98.mov;20s;0;0;0;0;1;0;1;0;4;1;0;0;0;1;101010001;7;407.3689308714;0.9999813584
11;11;0000f77c-cb820c98.mov;25s;0;0;0;0;1;0;0;0;4;0;0;0;1;1;100000011;8;407.4434052609;1.000164173
12;12;0000f77c-cb820c98.mov;30s;0;0;0;0;1;0;0;0;4;0;0;0;1;1;100000011;8;407.4434052609;1.000164173
13;13;0000f77c-cb820c98.mov;35s;0;0;0;0;1;0;0;0;4;0;0;0;0;0;100000000;9;407.5938178362;1.0005333955
14;14;00067cfb-5adfaaa7;5s;0;0;0;0;2;2;0;0;4;1;0;0;0;0;220010000;10;407.6705638339;1.0007217864
15;15;00067cfb-5adfaaa7;10s;0;0;0;0;2;2;1;0;3;1;0;0;0;1;221010001;11;406.3435511337;0.9974643264
16;16;00067cfb-5adfaaa7;15s;0;0;0;0;2;2;0;0;4;0;0;0;0;0;220000000;12;406.4895595309;0.9978227379
17;17;00067cfb-5adfaaa7;20s;0;0;0;0;2;2;0;1;3;1;1;0;1;0;220111010;13;405.7744249441;0.9960672744
18;18;00067cfb-5adfaaa7;25s;0;0;0;0;2;2;0;1;4;0;0;0;1;0;220100010;14;406.8428941632;0.9986900795
19;19;00067cfb-5adfaaa7;30s;0;0;0;0;2;2;0;0;4;0;0;1;0;0;220000100;15;406.9120549974;0.9988598508
20;20;00067cfb-5adfaaa7;35s;0;0;0;0;2;2;0;0;4;0;0;1;0;0;220000100;15;406.9120549974;0.9988598508
21;21;00067cfb-caba8a02.mov;5s;0;0;0;1;0;2;0;0;4;0;0;0;0;0;1020000000;16;406.6977699191;0.9983338385
22;22;00067cfb-caba8a02.mov;10s;0;0;0;1;0;2;0;0;4;0;0;1;0;1;1020000101;17;406.7654648373;0.9985000113
23;23;00067cfb-caba8a02.mov;15s;0;1;0;0;0;2;0;1;4;0;0;0;0;1;1020100001;18;406.8338435493;0.9986678627
24;24;00067cfb-caba8a02.mov;20s;0;1;0;0;0;2;0;0;3;0;0;0;1;0;1020000010;19;406.9029129623;0.9988374096
25;25;00067cfb-caba8a02.mov;25s;0;0;0;0;0;2;0;0;3;0;0;0;1;1;20000011;20;406.7584777468;0.9984828599
26;26;00067cfb-caba8a02.mov;30s;0;0;0;0;0;2;0;0;4;0;0;0;0;0;20000000;21;407.8368869925;1.0011300651
27;27;00067cfb-caba8a02.mov;35s;0;0;0;0;0;2;0;0;4;0;0;0;0;0;20000000;21;407.8368869925;1.0011300651
28;28;00067cfb-e535423e;5s;0;0;0;0;1;1;0;0;4;0;0;0;0;0;110000000;22;407.9952487335;1.0015188006
29;29;00067cfb-e535423e;10s;0;0;0;0;1;1;1;0;4;0;0;0;0;1;111000001;23;407.7430728839;1.0008997766
30;30;00067cfb-e535423e;15s;1;0;1;0;1;1;0;0;4;0;0;0;1;0;11110000010;24;406.5989055108;0.9980911529
31;31;00067cfb-e535423e;20s;0;0;1;0;1;1;0;0;3;1;1;0;0;0;1110011000;25;406.6656017885;0.9982548743
32;32;00067cfb-e535423e;25s;0;0;0;0;1;1;1;0;5;0;0;0;0;1;111000001;23;407.7430728839;1.0008997766
33;33;00067cfb-e535423e;30s;2;0;0;0;1;1;0;0;4;0;0;0;0;1;20110000001;26;408.1317210692;1.0018538036
34;34;00067cfb-e535423e;35s;2;0;0;0;1;1;0;0;4;0;0;0;0;1;20110000001;26;408.1317210692;1.0018538036
35;35;0001542f-5ce3cf52.mov;5s;0;0;0;0;2;1;0;1;5;1;0;0;0;0;210110000;27;408.2960390839;1.0022571602
36;36;0001542f-5ce3cf52.mov;10s;0;0;0;0;2;1;0;0;5;1;0;0;0;1;210010001;28;407.3697771854;0.9999834359
37;37;0001542f-5ce3cf52.mov;15s;0;0;0;0;2;1;0;0;5;1;0;0;0;1;210010001;28;407.3697771854;0.9999834359
38;38;0001542f-5ce3cf52.mov;20s;0;0;0;0;2;1;0;1;4;1;0;0;0;1;210110001;29;408.5248595365;1.002818853
39;39;0001542f-5ce3cf52.mov;25s;0;0;0;0;2;1;1;0;5;1;0;0;1;1;211010011;30;408.6110100899;1.0030303294
40;40;0001542f-5ce3cf52.mov;30s;0;0;0;0;2;1;1;0;5;0;0;0;0;1;211000001;31;407.6879297485;1.000764415
41;41;0001542f-5ce3cf52.mov;35s;0;0;0;0;2;1;1;0;5;0;0;0;0;1;211000001;31;407.6879297485;1.000764415
42;42;0001542f-7c670be8.mov;5s;0;0;0;0;2;2;0;1;4;0;0;0;0;0;220100000;32;407.1035304146;0.9993298715
43;43;0001542f-7c670be8.mov;10s;0;0;0;0;2;2;0;0;3;0;0;0;1;0;220000010;33;407.1753239646;0.9995061054
44;44;0001542f-7c670be8.mov;15s;0;1;0;0;2;2;0;0;4;1;0;0;0;0;1220010000;34;408.2579438203;1.0021636465
45;45;0001542f-7c670be8.mov;20s;0;1;0;0;2;2;0;0;4;1;0;0;0;0;1220010000;34;408.2579438203;1.0021636465
46;46;0001542f-7c670be8.mov;25s;0;0;0;0;2;2;0;0;3;1;0;0;0;1;220010001;35;406.3848539475;0.9975657138
47;47;0001542f-7c670be8.mov;30s;0;0;0;0;2;2;0;0;3;1;0;0;1;0;220010010;36;406.3233727398;0.9974147939
48;48;0001542f-7c670be8.mov;35s;0;0;0;0;2;2;0;0;4;1;0;0;0;0;220010000;10;407.6705638339;1.0007217864
49;49;0001542f-ec815219;5s;0;0;0;0;2;1;0;0;4;0;0;0;1;0;210000010;37;407.4557430121;1.0001944589
50;50;0001542f-ec815219;10s;0;0;0;0;2;1;0;0;5;1;0;0;0;0;210010000;38;407.0260233938;0.9991396126
51;51;0001542f-ec815219;15s;0;0;0;0;2;1;0;0;5;1;0;0;0;0;210010000;38;407.0260233938;0.9991396126
52;52;0001542f-ec815219;20s;0;0;0;0;2;1;0;0;4;1;0;0;0;0;210010000;38;407.0260233938;0.9991396126
53;53;0001542f-ec815219;25s;0;0;0;0;2;1;0;0;4;1;0;0;0;1;210010001;28;407.3697771854;0.9999834359
54;54;0001542f-ec815219;30s;0;0;0;0;2;1;0;0;5;0;0;0;0;1;210000001;39;407.3460460772;0.9999251824
55;55;0001542f-ec815219;35s;0;0;0;0;2;1;0;0;5;0;0;0;0;1;210000001;39;407.3460460772;0.9999251824
56;56;0004974f-05e1c285;5s;0;0;0;0;2;2;0;0;5;1;0;0;0;0;220010000;10;407.6705638339;1.0007217864
57;57;0004974f-05e1c285;10s;0;1;0;0;2;2;0;0;5;1;0;0;0;0;1220010000;34;408.2579438203;1.0021636465
58;58;0004974f-05e1c285;15s;0;1;0;0;2;2;0;0;5;1;0;0;0;0;1220010000;34;408.2579438203;1.0021636465
59;59;0004974f-05e1c285;20s;0;1;0;0;2;2;0;0;5;1;0;0;0;0;1220010000;34;408.2579438203;1.0021636465
60;60;0004974f-05e1c285;25s;0;1;0;0;2;2;0;1;4;1;0;0;0;0;1220110000;40;407.517839306;1.0003468886
61;61;0004974f-05e1c285;30s;0;1;0;0;2;2;0;0;4;1;1;1;0;0;1220011100;41;407.5938178362;1.0005333955
62;62;0004974f-05e1c285;35s;0;0;0;0;2;2;0;0;5;1;0;0;0;0;220010000;10;407.6705638339;1.0007217864
63;63;00091078-59817bb0;5s;0;0;0;0;0;1;0;1;4;0;0;0;0;1;10100001;42;407.7358542238;1.0008820567
64;64;00091078-59817bb0;10s;0;0;0;0;0;1;0;1;4;0;0;0;0;1;10100001;42;407.7358542238;1.0008820567
65;65;00091078-59817bb0;15s;0;0;0;0;0;1;0;1;5;0;0;0;0;1;10100001;42;407.7358542238;1.0008820567
66;66;00091078-59817bb0;20s;0;0;0;0;0;1;0;1;4;0;0;0;0;1;10100001;42;407.7358542238;1.0008820567
67;67;00091078-59817bb0;25s;0;0;0;0;0;1;0;1;4;0;0;0;0;1;10100001;42;407.7358542238;1.0008820567
68;68;00091078-59817bb0;30s;0;0;0;0;0;1;0;0;4;0;0;0;0;0;10000000;43;407.5330667685;1.000384268
69;69;00091078-59817bb0;35s;0;0;0;0;0;1;0;1;5;0;0;0;0;0;10100000;44;407.8800640048;1.001236053
70;70;00091078-7cff8ea6;5s;0;0;0;0;0;1;0;1;4;0;0;0;0;0;10100000;44;407.8800640048;1.001236053
71;71;00091078-7cff8ea6;10s;0;0;0;0;0;1;1;1;4;0;0;0;0;0;11100000;45;407.5198285069;1.0003517716
72;72;00091078-7cff8ea6;15s;0;0;0;0;0;1;1;1;4;0;0;0;0;0;11100000;45;407.5198285069;1.0003517716
73;73;00091078-7cff8ea6;20s;0;0;0;0;0;1;1;1;4;0;0;0;0;0;11100000;45;407.5198285069;1.0003517716
74;74;00091078-7cff8ea6;25s;0;0;0;0;0;1;1;1;4;0;0;0;0;0;11100000;45;407.5198285069;1.0003517716
75;75;00091078-7cff8ea6;30s;0;0;0;0;0;1;1;1;5;0;0;0;0;0;11100000;45;407.5198285069;1.0003517716
76;76;00091078-7cff8ea6;35s;0;0;0;0;0;1;1;1;4;0;0;0;0;0;11100000;45;407.5198285069;1.0003517716
77;77;00091078-84635cf2;5s;0;0;0;0;1;1;0;1;4;0;0;0;0;1;110100001;46;406.9655154217;0.9989910818
78;78;00091078-84635cf2;10s;0;0;0;0;1;1;0;1;4;1;0;0;0;1;110110001;47;406.7462843444;0.9984529284
79;79;00091078-84635cf2;15s;0;0;0;0;1;1;0;1;4;0;0;0;0;0;110100000;48;406.8144693122;0.9986203041
80;80;00091078-84635cf2;20s;0;0;0;0;1;1;0;1;3;0;0;0;0;0;110100000;48;406.8144693122;0.9986203041
81;81;00091078-875c1f73;5s;0;0;0;0;0;1;0;1;4;0;0;0;0;0;10100000;44;407.8800640048;1.001236053
82;82;00091078-875c1f73;10s;0;0;0;0;0;1;0;1;4;0;0;0;0;0;10100000;44;407.8800640048;1.001236053
83;83;00091078-875c1f73;15s;0;0;0;0;0;1;0;1;4;0;0;0;0;0;10100000;44;407.8800640048;1.001236053
84;84;00091078-875c1f73;25s;0;0;0;0;0;1;0;0;4;0;0;0;0;0;10000000;43;407.5330667685;1.000384268
85;85;00091078-875c1f73;30s;0;0;0;0;0;1;1;0;5;0;0;0;0;0;11000000;49;407.3740662208;0.9999939643
86;86;00091078-875c1f73;35s;0;0;0;0;0;1;0;0;5;0;0;0;0;0;10000000;43;407.5330667685;1.000384268
87;87;00091078-c1d32eea;5s;0;0;0;0;1;1;0;0;4;0;0;0;0;0;110000000;22;407.9952487335;1.0015188006
88;88;00091078-c1d32eea;10s;0;0;0;0;1;1;1;0;4;1;0;0;0;0;111010000;50;408.4089855671;1.0025344135
89;89;00091078-c1d32eea;15s;0;0;1;0;1;1;2;0;4;1;0;0;0;0;1112010000;51;408.4939656646;1.0027430168
90;90;00091078-c1d32eea;20s;0;0;1;0;1;1;2;0;4;1;0;0;0;0;1112010000;51;408.4939656646;1.0027430168
91;91;00091078-c1d32eea;25s;0;0;1;0;1;1;1;0;5;1;0;0;0;1;1111010001;52;408.6656017885;1.0031643374
92;92;00091078-c1d32eea;30s;0;0;0;0;1;1;1;0;4;0;0;0;0;1;111000001;23;407.7430728839;1.0008997766
93;93;00091078-c1d32eea;35s;1;0;0;0;1;1;1;0;4;0;0;0;0;1;10111000001;53;407.7231703825;1.0008509213
94;94;00091078-cedbfea7;5s;0;0;0;0;0;1;0;1;4;1;0;0;0;0;10110000;54;407.8012229846;1.0010425195
95;95;00091078-cedbfea7;10s;0;0;0;0;0;1;0;1;4;0;0;0;0;0;10100000;44;407.8800640048;1.001236053
96;96;00091078-cedbfea7;15s;0;0;0;0;0;1;0;1;4;0;0;0;0;0;10100000;44;407.8800640048;1.001236053
97;97;00091078-cedbfea7;20s;0;0;0;0;0;1;0;1;4;0;0;0;0;0;10100000;44;407.8800640048;1.001236053
98;98;00091078-cedbfea7;25s;0;0;0;0;0;1;0;1;4;0;0;0;0;0;10100000;44;407.8800640048;1.001236053
99;99;00091078-cedbfea7;30s;0;0;0;0;0;1;0;1;4;0;0;0;0;0;10100000;44;407.8800640048;1.001236053
100;100;00091078-cedbfea7;35s;0;0;0;0;0;1;0;1;4;0;0;0;0;0;10100000;44;407.8800640048;1.001236053
101;101;00091078-f32de4d2;5s;0;0;0;0;1;1;1;1;4;1;0;0;1;0;111110010;55;406.4802951916;0.9977999964
102;102;00091078-f32de4d2;10s;0;0;0;0;1;1;1;0;4;0;0;0;1;0;111000010;56;406.5457933734;0.9979607768
103;103;00091078-f32de4d2;15s;0;0;0;0;1;1;0;1;4;1;0;0;1;0;110110010;57;406.6119531596;0.9981231814
104;104;00091078-f32de4d2;20s;0;0;0;0;1;1;0;0;4;0;0;0;1;1;110000011;58;406.6787812331;0.9982872263
105;105;00091078-f32de4d2;25s;0;0;0;0;1;1;0;0;4;1;0;0;0;0;110010000;59;406.7462843444;0.9984529284
106;106;00091078-f32de4d2;30s;0;0;0;0;1;1;0;1;4;0;0;0;0;0;110100000;48;406.8144693122;0.9986203041
107;107;00091078-f32de4d2;35s;0;0;0;0;1;1;0;1;5;0;0;0;0;1;110100001;46;406.9655154217;0.9989910818
108;108;000d35d3-41990aa4;5s;0;0;0;0;2;1;0;0;3;0;0;0;0;0;210000000;60;406.3154036253;0.9973952319
109;109;000d35d3-41990aa4;10s;0;0;0;0;2;1;0;0;3;1;0;0;0;0;210010000;38;407.0260233938;0.9991396126
110;110;000d35d3-41990aa4;15s;0;0;0;0;2;1;0;0;3;0;0;0;0;0;210000000;60;406.3154036253;0.9973952319
111;111;000d35d3-41990aa4;20s;0;0;0;0;2;1;0;0;3;0;0;0;0;1;210000001;39;407.3460460772;0.9999251824
112;112;000d35d3-41990aa4;25s;0;0;0;0;2;1;0;0;3;0;0;0;0;0;210000000;60;406.3154036253;0.9973952319
113;113;000d35d3-41990aa4;30s;1;0;0;0;2;1;0;0;3;0;0;0;0;1;10210000001;61;406.0755961064;0.9968065688
114;114;000d35d3-41990aa4;35s;1;0;0;0;2;1;0;0;3;0;0;0;0;1;10210000001;61;406.0755961064;0.9968065688
115;115;000f157f-30b30f5e;5s;0;0;0;0;2;1;0;0;3;0;0;0;0;1;210000001;39;407.3460460772;0.9999251824
116;116;000f157f-30b30f5e;10s;0;0;0;0;2;1;0;0;3;0;0;0;0;0;210000000;60;406.3154036253;0.9973952319
117;117;000f157f-30b30f5e;15s;0;0;0;0;2;1;0;0;4;0;0;0;0;0;210000000;60;406.3154036253;0.9973952319
118;118;000f157f-30b30f5e;20s;0;0;0;0;2;1;0;0;4;1;0;1;0;0;210010100;62;407.2207897861;0.9996177118
119;119;000f157f-30b30f5e;25s;0;0;0;0;2;1;1;0;4;0;0;0;0;1;211000001;31;407.6879297485;1.000764415
120;120;000f157f-30b30f5e;30s;0;0;0;0;2;1;1;0;5;0;0;0;0;1;211000001;31;407.6879297485;1.000764415
121;121;000f157f-30b30f5e;35s;1;0;0;0;2;1;1;0;4;0;0;0;0;0;10211000000;63;407.5938178362;1.0005333955
122;122;000f157f-37797ff9;5s;0;0;0;0;2;2;0;0;4;1;0;0;0;0;220010000;10;407.6705638339;1.0007217864
123;123;000f157f-37797ff9;10s;0;0;0;0;2;2;0;0;4;1;0;0;0;0;220010000;10;407.6705638339;1.0007217864
124;124;000f157f-37797ff9;15s;0;0;0;0;2;2;1;0;4;1;0;0;0;0;221010000;64;407.335836986;0.9999001218
125;125;000f157f-37797ff9;20s;0;0;0;0;2;2;1;0;5;1;0;0;0;0;221010000;64;407.335836986;0.9999001218
126;126;000f157f-37797ff9;25s;1;0;0;0;2;2;0;0;5;1;0;0;0;1;10220010001;65;410.0444837956;1.0065491225
127;127;000f157f-37797ff9;30s;1;0;0;0;2;2;0;0;5;0;0;0;0;1;10220000001;66;409.1358831314;1.0043187518
128;128;000f157f-37797ff9;35s;1;0;0;0;2;2;0;0;5;0;0;0;0;1;10220000001;66;409.1358831314;1.0043187518
129;129;000f157f-dab3a407;5s;0;0;0;0;0;1;0;0;4;0;0;0;1;1;10000011;67;407.3002852286;0.9998128518
130;130;000f157f-dab3a407;10s;0;0;0;0;0;1;1;0;4;0;0;0;0;0;11000000;49;407.3740662208;0.9999939643
131;131;000f157f-dab3a407;15s;0;0;0;0;0;1;1;0;4;1;0;0;0;0;11010000;68;406.6212983039;0.9981461212
132;132;000f157f-dab3a407;20s;0;0;0;0;0;1;1;0;4;1;0;1;1;0;11010110;69;408.0820292626;1.0017318235
133;133;000f157f-dab3a407;25s;0;0;0;0;0;1;1;0;4;1;0;0;1;0;11010010;70;406.2797623823;0.9973077422
134;134;000f157f-dab3a407;30s;0;0;0;0;0;1;0;0;4;1;0;1;1;0;10010110;71;407.7441302858;1.0009023722
135;135;000f157f-dab3a407;35s;0;0;0;0;0;1;0;0;4;1;0;0;0;0;10010000;72;408.2212945539;1.0020736824
136;136;000f8d37-d4c09a0f;5s;0;0;0;0;0;1;0;1;4;0;0;0;1;1;10100011;73;407.3163099162;0.9998521881
137;137;000f8d37-d4c09a0f;10s;0;0;0;0;0;1;1;1;4;0;0;0;1;1;11100011;74;407.0446105883;0.9991852392
138;138;000f8d37-d4c09a0f;15s;1;0;0;0;0;1;1;1;4;0;0;0;1;0;10011100010;75;407.0218268283;0.9991293112
139;139;000f8d37-d4c09a0f;20s;0;0;0;0;0;1;2;0;5;0;0;0;0;0;12000000;76;407.0927950813;0.9993035192
140;140;000f8d37-d4c09a0f;25s;0;0;0;0;0;1;1;1;4;0;0;0;1;1;11100011;74;407.0446105883;0.9991852392
141;141;000f8d37-d4c09a0f;30s;0;0;1;0;0;1;0;0;4;0;0;1;1;0;1010000110;77;407.3830784592;1.0000160869
142;142;000f8d37-d4c09a0f;35s;0;0;1;0;0;1;1;1;4;0;0;0;0;0;1011100000;78;407.457695755;1.0001992524
143;143;0010bf16-9ee17cd9;5s;0;0;0;0;0;1;0;0;4;0;0;0;0;0;10000000;43;407.5330667685;1.000384268
144;144;0010bf16-9ee17cd9;10s;0;0;0;0;0;1;0;0;4;0;0;0;0;0;10000000;43;407.5330667685;1.000384268
145;145;0010bf16-9ee17cd9;15s;0;0;0;0;0;1;0;0;4;1;0;0;1;0;10010010;79;406.4883778976;0.9978198373
146;146;0010bf16-9ee17cd9;20s;0;0;0;0;0;1;0;1;4;1;0;0;1;1;10110011;80;406.974124185;0.999012214
147;147;0010bf16-9ee17cd9;25s;0;0;0;0;0;1;1;1;4;0;0;0;1;1;11100011;74;407.0446105883;0.9991852392
148;148;0010bf16-9ee17cd9;30s;0;0;0;0;0;1;1;0;4;0;0;0;1;1;11000011;81;406.8189799171;0.9986313765
149;149;0010bf16-9ee17cd9;35s;0;0;0;0;0;1;1;0;4;0;0;0;0;1;11000001;82;407.1544593891;0.9994548885
150;150;0010bf16-a457685b;5s;0;0;0;0;0;1;0;1;4;0;0;0;1;1;10100011;73;407.3163099162;0.9998521881
151;151;0010bf16-a457685b;10s;0;0;0;0;0;1;0;1;4;0;0;0;0;1;10100001;42;407.7358542238;1.0008820567
152;152;0010bf16-a457685b;15s;0;0;0;0;0;1;0;1;4;0;0;0;0;1;10100001;42;407.7358542238;1.0008820567
153;153;0010bf16-a457685b;20s;0;0;0;0;0;1;0;1;4;0;0;0;0;1;10100001;42;407.7358542238;1.0008820567
154;154;0010bf16-a457685b;25s;0;0;0;0;0;1;0;1;4;0;0;0;0;1;10100001;42;407.7358542238;1.0008820567
155;155;0010bf16-a457685b;30s;0;0;0;0;0;1;0;1;4;0;0;0;0;1;10100001;42;407.7358542238;1.0008820567
156;156;0010bf16-a457685b;35s;0;0;0;0;0;1;0;1;4;0;0;0;0;1;10100001;42;407.7358542238;1.0008820567
157;157;00131ea7-624f538d;5s;0;0;0;0;0;2;1;0;4;1;0;0;0;0;21010000;83;407.7881207993;1.0010103571
158;158;00131ea7-624f538d;10s;0;0;1;0;0;2;2;0;4;1;0;0;1;1;1022010011;84;408.9387502432;1.0038348435
159;159;00131ea7-624f538d;15s;0;0;1;0;0;2;1;0;4;1;0;0;0;0;1021010000;85;408.2797809521;1.0022172508
160;160;00131ea7-624f538d;20s;0;0;1;0;0;2;2;0;4;1;0;0;1;1;1022010011;84;408.9387502432;1.0038348435
161;161;00131ea7-624f538d;25s;1;0;0;0;0;2;1;0;5;0;0;0;1;1;10021000011;86;409.7783412503;1.005895814
162;162;00131ea7-624f538d;30s;1;0;0;0;0;2;1;0;5;0;0;0;0;1;10021000001;87;408.8670522506;1.0036588442
163;163;00131ea7-624f538d;35s;1;0;0;0;0;2;1;0;5;0;0;0;0;1;10021000001;87;408.8670522506;1.0036588442
164;164;00134776-9123d227;5s;0;0;0;0;2;1;0;0;4;1;0;0;0;0;210010000;38;407.0260233938;0.9991396126
165;165;00134776-9123d227;10s;0;0;0;0;2;1;0;0;4;1;0;0;0;0;210010000;38;407.0260233938;0.9991396126
166;166;00134776-9123d227;15s;0;0;0;0;2;1;0;0;4;1;0;0;1;0;210010010;88;407.7697480085;1.0009652569
167;167;00134776-9123d227;20s;0;0;0;0;2;1;0;0;4;1;0;0;0;0;210010000;38;407.0260233938;0.9991396126
168;168;00134776-9123d227;25s;0;0;1;0;2;1;0;0;4;1;0;0;0;0;1210010000;89;406.4997129223;0.9978476617
169;169;00134776-9123d227;30s;0;0;1;0;2;1;1;0;4;1;0;0;0;0;1211010000;90;407.9734185759;1.0014652134
170;170;00134776-9123d227;35s;0;0;1;0;2;1;1;1;4;0;0;1;0;1;1211100101;91;409.3716757933;1.0048975595
171;171;001bad4e-2fa8f3b6;5s;0;0;0;0;0;1;0;1;5;0;0;1;0;0;10100100;92;409.4663801318;1.0051300332
172;172;001bad4e-2fa8f3b6;10s;0;0;0;0;0;1;1;1;5;1;0;1;0;1;11110101;93;408.5519399782;1.0028853282
173;173;001bad4e-2fa8f3b6;15s;0;0;0;0;0;1;1;1;5;1;0;1;0;0;11110100;94;407.8287998699;1.0011102133
174;174;001bad4e-2fa8f3b6;20s;0;0;1;0;0;1;0;1;4;1;1;0;0;1;1010111001;95;406.8978183361;0.9988249036
175;175;001bad4e-2fa8f3b6;25s;0;0;1;0;0;1;0;0;4;0;0;0;0;1;1010000001;96;406.9675339656;0.9989960368
176;176;001bad4e-2fa8f3b6;30s;0;0;0;0;0;1;1;0;4;0;0;0;0;0;11000000;49;407.3740662208;0.9999939643
177;177;001bad4e-2fa8f3b6;35s;0;0;1;0;0;1;1;0;4;0;0;0;0;1;1011000001;97;407.6920101593;1.0007744313
178;178;001c5339-08faca55;5s;0;0;0;0;2;1;0;0;4;1;0;0;1;0;210010010;88;407.7697480085;1.0009652569
179;179;001c5339-08faca55;10s;0;0;0;0;2;1;0;0;4;1;0;0;0;0;210010000;38;407.0260233938;0.9991396126
180;180;001c5339-08faca55;15s;0;0;0;0;2;1;1;0;4;1;0;0;0;0;211010000;98;406.7362813271;0.9984283736
181;181;001c5339-08faca55;20s;0;0;1;0;2;1;1;0;4;1;0;0;0;0;1211010000;90;407.9734185759;1.0014652134
182;182;001c5339-08faca55;25s;0;0;0;0;2;1;1;0;4;1;0;0;0;0;211010000;98;406.7362813271;0.9984283736
183;183;001c5339-08faca55;30s;0;0;0;0;2;1;1;0;4;0;0;0;0;0;211000000;99;406.5708558544;0.9980222985
184;184;001c5339-08faca55;35s;0;0;0;0;2;1;1;0;4;0;0;0;0;0;211000000;99;406.5708558544;0.9980222985
185;185;001c5339-13a07470;5s;0;0;0;0;2;1;0;0;4;0;0;0;0;0;210000000;60;406.3154036253;0.9973952319
186;186;001c5339-13a07470;10s;0;0;0;0;2;1;1;0;4;1;0;1;0;0;211010100;100;406.2375802757;0.9972041964
187;187;001c5339-13a07470;15s;0;0;0;0;2;1;2;0;4;1;0;1;0;0;212010100;101;406.3006267672;0.9973589587
188;188;001c5339-13a07470;20s;0;0;0;0;2;1;2;1;4;1;0;0;0;0;212110000;102;405.8895434513;0.9963498595
189;189;001c5339-13a07470;25s;0;0;0;0;2;1;1;1;4;0;0;0;0;1;211100001;103;405.9490743841;0.9964959919
190;190;001c5339-13a07470;30s;0;0;0;0;2;1;1;1;4;0;0;0;0;0;211100000;104;406.2824535166;0.9973143482
191;191;001c5339-13a07470;35s;0;0;0;0;2;1;1;1;4;0;0;0;0;0;211100000;104;406.2824535166;0.9973143482
192;192;001c5339-9a6cdd3e;5s;0;0;0;0;2;1;0;0;5;0;0;0;1;0;210000010;37;407.4557430121;1.0001944589
193;193;001c5339-9a6cdd3e;10s;0;0;0;0;2;1;0;0;5;1;0;0;0;0;210010000;38;407.0260233938;0.9991396126
194;194;001c5339-9a6cdd3e;15s;0;0;0;0;2;1;0;0;5;1;0;0;1;0;210010010;88;407.7697480085;1.0009652569
195;195;001c5339-9a6cdd3e;20s;0;0;0;0;2;1;1;0;4;1;0;0;1;0;211010010;105;406.2832491364;0.9973163012
196;196;001c5339-9a6cdd3e;25s;1;0;0;0;2;1;0;0;2;1;0;0;0;0;10210010000;106;404.9557228643;0.9940575806
197;197;001c5339-9a6cdd3e;30s;0;0;0;0;2;1;0;0;4;1;0;0;0;0;210010000;38;407.0260233938;0.9991396126
198;198;001c5339-9a6cdd3e;35s;0;0;0;0;2;1;0;0;5;1;0;0;0;0;210010000;38;407.0260233938;0.9991396126
199;199;00207869-046fa443;5s;0;0;0;0;0;1;1;0;4;0;0;0;1;0;11000010;107;407.2074926423;0.9995850709
200;200;00207869-046fa443;10s;0;0;0;0;0;1;2;0;4;0;0;0;0;0;12000000;76;407.0927950813;0.9993035192
201;201;00207869-046fa443;15s;0;0;0;0;0;1;2;0;4;1;0;0;0;0;12010000;108;406.3027992734;0.9973642916
202;202;00207869-046fa443;20s;0;0;0;0;0;1;2;0;4;1;0;0;0;1;12010001;109;406.5964955956;0.9980852372
203;203;00207869-046fa443;25s;0;0;0;0;0;1;2;0;4;0;0;0;1;1;12000011;110;406.5386094783;0.9979431423
204;204;00207869-046fa443;30s;0;0;0;0;0;1;2;0;4;1;0;0;1;0;12010010;111;406.3729690628;0.9975365396
205;205;00207869-046fa443;35s;0;0;0;0;0;1;2;0;4;1;0;0;1;0;12010010;111;406.3729690628;0.9975365396
206;206;00207869-902288d1;5s;0;0;0;0;0;1;1;0;4;1;0;1;0;0;11010100;112;407.7930921494;1.0010225605
207;207;00207869-902288d1;10s;0;0;0;0;0;1;1;0;4;1;0;1;0;1;11010101;113;407.4276852933;1.0001255847
208;208;00207869-902288d1;15s;0;0;0;0;0;1;1;0;4;1;0;0;0;0;11010000;68;406.6212983039;0.9981461212
209;209;00207869-902288d1;20s;0;1;0;0;0;1;1;0;4;0;0;0;0;0;1011000000;114;406.2397310567;0.997209476
210;210;00207869-902288d1;25s;0;0;0;0;0;1;2;0;4;1;0;0;0;0;12010000;108;406.3027992734;0.9973642916
211;211;00207869-902288d1;30s;1;0;0;0;0;1;2;0;4;0;0;0;0;0;10012000000;115;407.1997795163;0.9995661373
212;212;00207869-902288d1;35s;1;0;0;0;0;1;1;0;4;0;0;0;0;0;10011000000;116;407.2725452892;0.9997447577
213;213;00211b17-ad3e206b;5s;0;0;0;0;2;1;0;0;4;0;0;0;0;1;210000001;39;407.3460460772;0.9999251824
214;214;00211b17-ad3e206b;10s;0;0;0;0;2;1;0;0;4;0;0;0;0;1;210000001;39;407.3460460772;0.9999251824
215;215;00211b17-ad3e206b;15s;0;0;1;0;2;1;0;0;4;0;0;0;0;1;1210000001;117;407.2695263248;0.9997373469
216;216;00211b17-ad3e206b;20s;0;0;1;0;2;1;0;0;4;1;0;0;0;1;1210010001;118;407.3429762507;0.9999176468
217;217;00211b17-ad3e206b;25s;0;0;0;0;2;1;1;0;4;1;0;0;0;1;211010001;119;406.9513039292;0.9989561964
218;218;00211b17-ad3e206b;30s;0;0;1;0;2;1;0;0;4;0;0;0;0;1;1210000001;117;407.2695263248;0.9997373469
219;219;00211b17-ad3e206b;35s;0;0;1;0;2;1;0;0;4;1;0;0;0;1;1210010001;118;407.3429762507;0.9999176468
220;220;00232de3-19eca24a;5s;0;0;0;0;2;1;1;1;4;0;0;1;0;0;211100100;120;406.6021492043;0.9980991153
221;221;00232de3-19eca24a;10s;0;0;0;0;2;1;1;1;4;1;0;1;0;0;211110100;121;406.668878247;0.9982629172
222;222;00232de3-19eca24a;15s;0;0;0;0;2;1;1;0;4;1;0;0;0;0;211010000;98;406.7362813271;0.9984283736
223;223;00232de3-19eca24a;20s;0;0;0;0;2;1;0;0;4;1;0;0;0;0;210010000;38;407.0260233938;0.9991396126
224;224;00232de3-19eca24a;25s;0;0;0;0;2;1;0;0;4;0;0;0;0;1;210000001;39;407.3460460772;0.9999251824
225;225;00232de3-19eca24a;30s;0;0;0;0;2;1;0;0;4;0;0;0;0;1;210000001;39;407.3460460772;0.9999251824
226;226;00232de3-19eca24a;35s;0;0;0;0;2;1;0;0;4;0;0;0;0;0;210000000;60;406.3154036253;0.9973952319
227;227;002685b6-856c17f7;5s;0;0;0;0;0;0;1;0;4;0;0;0;0;0;1000000;122;407.4204196257;1.0001077495
228;228;002685b6-856c17f7;10s;0;0;0;0;0;0;2;0;4;1;0;0;0;0;2010000;123;406.9587183559;0.9989743968
229;229;002685b6-856c17f7;15s;0;0;0;0;0;0;2;0;4;1;0;0;0;0;2010000;123;406.9587183559;0.9989743968
230;230;002685b6-856c17f7;20s;0;0;0;0;0;0;1;0;4;1;0;0;1;0;1010010;124;406.8201596925;0.9986342725
231;231;002685b6-856c17f7;25s;0;0;0;0;0;0;1;0;4;1;0;0;0;0;1010000;125;406.8890908834;0.9988034801
232;232;002685b6-856c17f7;30s;0;0;0;0;0;0;2;0;4;1;0;0;0;0;2010000;123;406.9587183559;0.9989743968
233;233;002685b6-856c17f7;35s;0;0;0;0;0;0;2;0;4;1;0;0;1;0;2010010;126;407.3081879753;0.9998322509
234;234;002827ad-8748e2fb;5s;0;0;0;0;0;1;0;0;4;0;0;0;0;1;10000001;127;407.382048794;1.0000135594
235;235;002827ad-8748e2fb;10s;0;0;0;0;0;1;0;0;4;0;0;0;0;1;10000001;127;407.382048794;1.0000135594
236;236;002827ad-8748e2fb;15s;0;0;0;0;0;1;0;0;4;0;0;0;0;1;10000001;127;407.382048794;1.0000135594
237;237;002827ad-8748e2fb;20s;0;0;0;0;0;1;0;0;4;0;0;0;0;1;10000001;127;407.382048794;1.0000135594
238;238;002827ad-8748e2fb;25s;0;0;0;0;0;1;0;0;4;1;0;0;0;1;10010001;128;408.182721159;1.0019789951
239;239;002827ad-8748e2fb;30s;0;0;0;0;0;1;0;0;4;1;0;0;0;1;10010001;128;408.182721159;1.0019789951
240;240;002827ad-8748e2fb;35s;0;0;0;0;0;1;0;0;4;0;0;0;0;1;10000001;127;407.382048794;1.0000135594
241;241;0028cbbf-92f30408;5s;0;0;0;0;0;2;0;0;4;0;0;1;0;1;20000101;129;408.1912741059;1.0019999903
242;242;0028cbbf-92f30408;10s;0;0;0;0;0;2;1;0;4;1;0;1;0;1;21010101;130;408.9387993074;1.003834964
243;243;0028cbbf-92f30408;15s;0;0;0;0;0;2;1;0;5;1;0;1;0;1;21010101;130;408.9387993074;1.003834964
244;244;0028cbbf-92f30408;20s;0;0;0;0;0;2;1;1;4;1;1;0;0;1;21111001;131;408.1093209539;1.0017988173
245;245;0028cbbf-92f30408;25s;0;0;0;0;0;2;0;0;4;0;0;1;0;1;20000101;129;408.1912741059;1.0019999903
246;246;0028cbbf-92f30408;30s;0;0;0;0;0;2;0;0;4;0;0;1;0;1;20000101;129;408.1912741059;1.0019999903
247;247;0028cbbf-92f30408;35s;0;0;0;0;0;2;0;0;4;1;0;1;0;1;20010101;132;407.6920101593;1.0007744313
248;248;002b485a-3f6603f2;5s;0;0;0;0;2;1;0;0;4;1;0;0;1;0;210010010;88;407.7697480085;1.0009652569
249;249;002b485a-3f6603f2;10s;0;0;0;0;2;1;0;0;5;1;0;1;1;0;210010110;133;412.7132471423;1.0131002201
250;250;002b485a-3f6603f2;15s;0;0;0;0;2;1;1;0;4;1;0;1;1;0;211010110;134;415.1472274765;1.0190749883
251;251;002b485a-3f6603f2;20s;0;0;0;0;2;1;1;0;5;1;0;1;1;0;211010110;134;415.1472274765;1.0190749883
252;252;002b485a-3f6603f2;25s;0;0;0;0;2;1;1;0;5;1;0;1;1;0;211010110;134;415.1472274765;1.0190749883
253;253;002b485a-3f6603f2;30s;0;0;0;0;2;1;1;1;5;1;0;0;1;0;211110010;135;413.5860738122;1.0152427752
254;254;002b485a-3f6603f2;35s;0;0;0;0;2;1;0;0;5;1;0;1;1;0;210010110;133;412.7132471423;1.0131002201
255;255;002b485a-d1301c7c;5s;0;0;0;0;2;2;1;0;4;1;0;1;0;0;221010100;136;408.5159392466;1.002796956
256;256;002b485a-d1301c7c;10s;0;0;0;0;2;2;1;0;4;1;0;1;1;0;221010110;137;408.601979265;1.0030081612
257;257;002b485a-d1301c7c;15s;0;0;0;0;2;2;1;0;4;1;0;1;0;0;221010100;136;408.5159392466;1.002796956
258;258;002b485a-d1301c7c;20s;0;0;0;0;2;2;1;0;4;1;0;1;1;0;221010110;137;408.601979265;1.0030081612
259;259;002b485a-d1301c7c;25s;0;0;0;0;2;2;1;0;4;1;0;0;1;1;221010011;138;408.8618375112;1.0036460434
260;260;002b485a-d1301c7c;30s;0;0;0;0;2;2;1;0;5;0;0;0;1;0;221000010;139;410.4067926391;1.0074384935
261;261;002b485a-d1301c7c;35s;0;0;0;0;2;2;1;0;5;0;0;0;1;0;221000010;139;410.4067926391;1.0074384935
262;262;002cd38e-c7defded;5s;1;0;0;0;0;2;0;0;4;0;0;0;0;0;10020000000;140;408.5968698042;1.0029956188
263;263;002cd38e-c7defded;10s;0;0;0;0;0;2;0;0;4;1;0;0;0;0;20010000;141;408.6837477413;1.0032088808
264;264;002cd38e-c7defded;15s;0;0;0;0;0;2;0;0;4;1;0;0;0;0;20010000;141;408.6837477413;1.0032088808
265;265;002cd38e-c7defded;20s;0;0;0;0;0;2;1;0;4;1;0;0;0;0;21010000;83;407.7881207993;1.0010103571
266;266;002cd38e-c7defded;25s;0;0;0;0;0;2;1;0;4;1;0;0;0;0;21010000;83;407.7881207993;1.0010103571
267;267;002cd38e-c7defded;30s;0;0;0;0;0;2;1;0;4;0;0;0;0;0;21000000;142;406.4245195796;0.9976630822
268;268;002cd38e-c7defded;35s;0;0;0;0;0;2;1;0;4;0;0;0;0;1;21000001;143;406.4894543657;0.9978224797
269;269;002cd38e-ebe888e1;5s;0;0;0;0;0;1;1;0;4;0;0;1;0;0;11000100;144;406.5550450653;0.9979834873
270;270;002cd38e-ebe888e1;10s;0;0;0;0;0;1;1;0;4;1;0;0;0;0;11010000;68;406.6212983039;0.9981461212
271;271;002cd38e-ebe888e1;15s;0;0;0;0;0;1;1;0;4;1;0;0;0;0;11010000;68;406.6212983039;0.9981461212
272;272;002cd38e-ebe888e1;20s;0;0;1;0;0;1;1;1;4;1;1;0;0;1;1011111001;145;406.974124185;0.999012214
273;273;002cd38e-ebe888e1;25s;0;0;0;0;0;1;1;1;3;0;0;0;1;1;11100011;74;407.0446105883;0.9991852392
274;274;002cd38e-ebe888e1;30s;0;0;0;0;0;1;1;1;3;0;0;0;0;1;11100001;146;406.9809306414;0.999028922
275;275;002cd38e-ebe888e1;35s;0;0;0;0;0;1;1;1;3;0;0;0;0;1;11100001;146;406.9809306414;0.999028922
276;276;002d290d-01969e7d;5s;0;0;0;0;0;1;0;0;4;1;0;1;0;0;10010100;147;408.9220635844;1.0037938823
277;277;002d290d-01969e7d;10s;0;0;0;0;0;1;0;0;5;1;0;1;0;0;10010100;147;408.9220635844;1.0037938823
278;278;002d290d-01969e7d;15s;0;0;0;0;0;1;1;0;5;1;0;1;0;0;11010100;112;407.7930921494;1.0010225605
279;279;002d290d-01969e7d;20s;0;0;0;0;0;1;0;1;4;1;1;0;0;0;10111000;148;406.4234538763;0.9976604662
280;280;002d290d-01969e7d;25s;0;0;0;0;0;1;0;0;4;1;0;0;1;0;10010010;79;406.4883778976;0.9978198373
281;281;002d290d-01969e7d;30s;0;0;0;0;0;1;1;0;4;1;0;0;0;0;11010000;68;406.6212983039;0.9981461212
282;282;002d290d-01969e7d;35s;0;0;0;0;0;1;1;0;5;1;0;1;0;0;11010100;112;407.7930921494;1.0010225605
283;283;002d290d-89d1aea8;5s;0;0;0;0;0;1;0;0;4;1;0;1;1;0;10010110;71;407.7441302858;1.0009023722
284;284;002d290d-89d1aea8;10s;0;0;1;0;0;1;0;0;5;1;0;0;1;0;1010010010;149;407.4234538763;1.0001151978
285;285;002d290d-89d1aea8;15s;0;0;0;0;0;1;0;0;4;1;0;0;1;0;10010010;79;406.4883778976;0.9978198373
286;286;002d290d-89d1aea8;20s;0;0;0;0;0;1;0;0;5;1;0;0;0;0;10010000;72;408.2212945539;1.0020736824
287;287;002d290d-89d1aea8;25s;1;0;0;0;0;1;0;0;5;1;0;0;1;0;10010010010;150;409.6604091395;1.0056063224
288;288;002d290d-89d1aea8;30s;1;0;0;0;0;1;0;0;4;0;0;0;0;0;10010000000;151;408.7479084571;1.0033663782
289;289;002d290d-89d1aea8;35s;1;0;0;0;0;1;0;0;4;0;0;0;0;0;10010000000;151;408.7479084571;1.0033663782
290;290;002d290d-89f4e5c0;5s;0;0;0;0;0;2;0;0;5;1;0;0;0;0;20010000;141;408.6837477413;1.0032088808
291;291;002d290d-89f4e5c0;10s;0;0;0;0;0;2;0;0;5;1;0;0;0;0;20010000;141;408.6837477413;1.0032088808
292;292;002d290d-89f4e5c0;15s;0;0;0;0;0;2;0;0;5;1;0;0;0;0;20010000;141;408.6837477413;1.0032088808
293;293;002d290d-89f4e5c0;20s;0;0;0;0;0;2;0;1;5;1;1;0;0;0;20111000;152;409.0420833655;1.0040884986
294;294;002d290d-89f4e5c0;25s;0;0;0;0;0;2;0;0;5;1;0;0;1;0;20010010;153;408.1233573432;1.0018332729
295;295;002d290d-89f4e5c0;30s;0;0;0;0;0;2;1;0;5;1;0;1;0;0;21010100;154;409.3480482439;1.0048395602
296;296;002d290d-89f4e5c0;35s;0;0;0;0;0;2;1;0;5;1;0;1;1;0;21010110;155;409.8328024653;1.0060295017
297;297;002d290d-90f2bab2;5s;0;0;0;0;0;1;0;0;5;1;0;1;0;0;10010100;147;408.9220635844;1.0037938823
298;298;002d290d-90f2bab2;10s;0;0;0;0;0;1;0;0;5;1;0;0;0;0;10010000;72;408.2212945539;1.0020736824
299;299;002d290d-90f2bab2;15s;0;0;0;0;0;1;1;0;5;1;0;0;0;0;11010000;68;406.6212983039;0.9981461212
300;300;002d290d-90f2bab2;20s;0;0;0;0;0;1;0;0;4;1;0;0;0;0;10010000;72;408.2212945539;1.0020736824
301;301;002d290d-90f2bab2;25s;1;0;0;0;0;1;0;0;5;1;0;0;1;0;10010010010;150;409.6604091395;1.0056063224
302;302;002d290d-90f2bab2;30s;1;0;0;0;0;1;0;0;5;0;0;0;0;0;10010000000;151;408.7479084571;1.0033663782
303;303;002d290d-90f2bab2;35s;1;0;0;0;0;1;0;0;5;0;0;0;0;0;10010000000;151;408.7479084571;1.0033663782
304;304;002d290d-f9108a13;5s;0;0;0;0;0;1;0;1;5;0;0;0;1;0;10100010;156;407.1453588324;0.9994325491
305;305;002d290d-f9108a13;10s;0;0;0;0;0;1;0;1;5;0;0;0;0;0;10100000;44;407.8800640048;1.001236053
306;306;002d290d-f9108a13;15s;0;0;0;0;0;1;0;0;5;1;0;1;0;0;10010100;147;408.9220635844;1.0037938823
307;307;002d290d-f9108a13;20s;0;0;0;0;0;1;1;0;4;1;0;1;1;0;11010110;69;408.0820292626;1.0017318235
308;308;002d290d-f9108a13;25s;0;0;0;0;0;1;2;1;5;1;0;1;0;0;12110100;157;410.0476102778;1.0065567972
309;309;002d290d-f9108a13;30s;0;0;0;0;0;1;1;1;5;1;1;0;0;0;11111000;158;409.1390411945;1.004326504
310;310;002d290d-f9108a13;35s;0;0;0;0;0;1;0;0;5;1;0;0;0;0;10010000;72;408.2212945539;1.0020736824
311;311;002d290d-fa2a8964;5s;0;0;0;0;0;2;1;1;5;1;0;0;0;0;21110000;159;410.4872375983;1.0076359643
312;312;002d290d-fa2a8964;10s;0;0;0;0;0;2;0;1;5;1;0;0;0;0;20110000;160;409.5831092394;1.0054165719
313;313;002d290d-fa2a8964;15s;0;0;0;0;0;2;0;0;5;1;0;1;1;0;20010110;161;410.6395573323;1.0080098683
314;314;002d290d-fa2a8964;20s;0;0;0;0;0;2;0;1;4;1;0;0;1;0;20110010;162;409.736967572;1.0057942528
315;315;002d290d-fa2a8964;25s;0;0;0;0;0;2;0;0;4;1;0;1;0;0;20010100;163;409.8353617633;1.0060357841
316;316;002d290d-fa2a8964;30s;0;0;0;0;0;2;0;0;5;1;0;1;0;0;20010100;163;409.8353617633;1.0060357841
317;317;002d290d-fa2a8964;35s;0;0;0;0;0;2;0;0;5;1;0;1;0;0;20010100;163;409.8353617633;1.0060357841
318;318;002e6895-442e6bc1;5s;0;0;0;0;0;0;0;0;4;1;0;0;0;0;10000;164;408.1132419348;1.0018084423
319;319;002e6895-442e6bc1;10s;0;0;0;0;0;0;1;0;4;0;0;0;0;0;1000000;122;407.4204196257;1.0001077495
320;320;002e6895-442e6bc1;15s;0;0;0;0;0;0;0;0;4;0;0;0;1;0;10;165;408.0320691122;1.0016091848
321;321;002e6895-442e6bc1;20s;0;0;0;0;0;0;0;0;4;1;0;0;0;0;10000;164;408.1132419348;1.0018084423
322;322;002e6895-442e6bc1;25s;0;0;0;0;0;0;0;0;5;0;0;0;0;0;0;166;410.8831895677;1.00860792
323;323;002e6895-442e6bc1;30s;0;0;0;0;0;0;0;0;5;0;0;0;0;0;0;166;410.8831895677;1.00860792
324;324;002e6895-442e6bc1;35s;0;0;0;0;0;0;0;0;5;0;0;0;0;0;0;166;410.8831895677;1.00860792
325;325;002f8552-0cdd55c6;5s;0;0;0;0;0;1;0;0;5;1;0;0;0;1;10010001;128;408.182721159;1.0019789951
326;326;002f8552-0cdd55c6;10s;0;0;0;0;0;1;0;0;5;1;0;0;0;0;10010000;72;408.2212945539;1.0020736824
327;327;002f8552-0cdd55c6;15s;0;0;0;0;0;1;1;1;5;1;0;1;0;1;11110101;93;408.5519399782;1.0028853282
328;328;002f8552-0cdd55c6;20s;0;0;0;0;0;1;1;0;5;1;0;1;0;1;11010101;113;407.4276852933;1.0001255847
329;329;0030f434-3eb4a3a9;5s;0;0;0;0;0;1;1;0;5;0;0;0;0;0;11000000;49;407.3740662208;0.9999939643
330;330;0030f434-3eb4a3a9;10s;0;0;0;0;0;1;1;0;5;0;0;0;0;1;11000001;82;407.1544593891;0.9994548885
331;331;0030f434-3eb4a3a9;15s;0;0;0;0;0;1;1;1;5;0;0;0;1;1;11100011;74;407.0446105883;0.9991852392
332;332;0030f434-3eb4a3a9;25s;0;0;0;0;0;1;1;0;5;0;0;0;0;0;11000000;49;407.3740662208;0.9999939643
333;333;0030f434-3eb4a3a9;30s;0;0;1;0;0;1;1;0;5;1;0;0;0;0;1011010000;167;408.42391051;1.0025710502
334;334;0030f434-3eb4a3a9;35s;0;0;1;0;0;1;1;0;5;0;0;0;1;0;1011000010;168;408.2960390839;1.0022571602
335;335;00313a01-62156032;5s;0;0;0;0;2;1;0;0;5;1;0;0;0;1;210010001;28;407.3697771854;0.9999834359
336;336;00313a01-62156032;10s;0;0;0;0;2;1;1;0;4;1;0;0;0;1;211010001;119;406.9513039292;0.9989561964
337;337;00313a01-62156032;15s;0;0;0;0;2;1;1;0;4;1;0;0;0;1;211010001;119;406.9513039292;0.9989561964
338;338;00313a01-62156032;20s;0;0;0;0;2;1;1;0;4;0;0;0;0;0;211000000;99;406.5708558544;0.9980222985
339;339;00313a01-62156032;25s;1;0;0;0;2;1;2;0;3;0;0;0;0;1;10212000001;169;405.2195887595;0.9947053006
340;340;00313a01-62156032;30s;0;0;0;0;2;1;1;1;3;0;0;0;0;0;211100000;104;406.2824535166;0.9973143482
341;341;00313a01-62156032;35s;0;0;0;0;2;1;1;1;4;1;0;0;0;1;211110001;170;407.2725452892;0.9997447577
342;342;00313a01-725ddf3a;5s;0;0;0;0;2;1;0;0;5;0;0;0;0;1;210000001;39;407.3460460772;0.9999251824
343;343;00313a01-725ddf3a;10s;1;0;0;0;2;1;0;0;5;0;0;0;0;0;10210000000;171;407.9557228643;1.0014217752
344;344;00313a01-725ddf3a;15s;0;0;0;0;2;1;0;0;4;1;0;0;0;0;210010000;38;407.0260233938;0.9991396126
345;345;00313a01-725ddf3a;20s;0;0;0;0;2;1;0;0;5;1;0;0;0;0;210010000;38;407.0260233938;0.9991396126
346;346;00313a01-725ddf3a;25s;0;0;0;0;2;1;0;0;4;1;0;0;1;0;210010010;88;407.7697480085;1.0009652569
347;347;00313a01-725ddf3a;30s;0;0;1;0;2;1;0;0;5;1;0;0;0;1;1210010001;118;407.3429762507;0.9999176468
348;348;00313a01-725ddf3a;35s;0;0;0;0;2;1;1;0;5;0;0;0;0;1;211000001;31;407.6879297485;1.000764415
349;349;00313a01-97de1f42;5s;0;0;0;0;2;2;0;0;4;0;0;0;0;1;220000001;172;407.5854638091;1.0005128886
350;350;00313a01-97de1f42;10s;0;0;0;0;2;2;0;0;4;0;0;0;0;0;220000000;12;406.4895595309;0.9978227379
351;351;00313a01-97de1f42;15s;0;0;0;0;2;2;1;0;4;1;0;0;0;0;221010000;64;407.335836986;0.9999001218
352;352;00313a01-97de1f42;20s;0;0;0;0;2;2;1;0;4;1;0;0;0;0;221010000;64;407.335836986;0.9999001218
353;353;00313a01-97de1f42;25s;0;0;0;0;2;2;1;0;4;1;0;0;0;0;221010000;64;407.335836986;0.9999001218
354;354;00313a01-97de1f42;30s;0;0;0;0;2;2;1;0;4;1;0;0;0;1;221010001;11;406.3435511337;0.9974643264
355;355;00313a01-97de1f42;35s;0;0;0;0;2;2;1;0;4;1;0;0;0;0;221010000;64;407.335836986;0.9999001218
356;356;00322f82-286ab9b3;5s;0;1;0;0;2;1;0;0;4;1;0;0;0;0;1210010000;89;406.4997129223;0.9978476617
357;357;00322f82-286ab9b3;10s;0;1;0;0;2;1;0;0;4;1;0;0;0;0;1210010000;89;406.4997129223;0.9978476617
358;358;00322f82-286ab9b3;15s;0;0;0;0;2;1;0;0;4;0;0;0;0;0;210000000;60;406.3154036253;0.9973952319
359;359;00322f82-286ab9b3;20s;0;0;0;0;2;1;0;0;4;1;0;0;0;0;210010000;38;407.0260233938;0.9991396126
360;360;00322f82-286ab9b3;25s;0;0;0;0;2;1;0;0;4;0;0;0;0;1;210000001;39;407.3460460772;0.9999251824
361;361;00322f82-286ab9b3;30s;0;0;0;0;2;1;0;0;5;0;0;0;0;1;210000001;39;407.3460460772;0.9999251824
362;362;00322f82-286ab9b3;35s;0;0;0;0;2;1;0;0;4;0;0;0;0;1;210000001;39;407.3460460772;0.9999251824
363;363;0032419c-7d20b300;5s;0;0;0;0;2;2;0;1;5;1;0;0;0;0;220110000;173;408.5938178362;1.0029881271
364;364;0032419c-7d20b300;10s;0;0;0;0;2;2;0;0;5;1;0;0;0;0;220010000;10;407.6705638339;1.0007217864
365;365;0032419c-7d20b300;15s;0;0;0;0;2;2;0;0;5;1;0;0;0;0;220010000;10;407.6705638339;1.0007217864
366;366;0032419c-7d20b300;20s;0;0;0;0;2;2;0;1;5;1;0;1;0;0;220110100;174;407.0245207572;0.9991359241
367;367;0032419c-7d20b300;25s;0;0;0;0;2;2;0;1;5;1;0;1;0;1;220110101;175;406.0854151107;0.9968306718
368;368;0032419c-7d20b300;30s;0;0;0;0;2;2;0;0;5;1;0;1;0;0;220010100;176;407.0245207572;0.9991359241
369;369;0032419c-7d20b300;35s;0;0;0;0;2;2;0;1;5;1;0;1;0;1;220110101;175;406.0854151107;0.9968306718
370;370;0033b19f-7f07efac;5s;0;0;0;0;0;1;1;0;3;1;0;0;0;0;11010000;68;406.6212983039;0.9981461212
371;371;0033b19f-7f07efac;10s;0;0;1;0;0;1;2;0;4;1;0;1;0;0;1012010100;177;406.1616927166;0.9970179129
372;372;0033b19f-7f07efac;15s;0;0;1;0;0;1;2;0;4;1;0;0;0;0;1012010000;178;406.2239726593;0.9971707934
373;373;0033b19f-7f07efac;20s;0;0;1;0;0;1;1;0;4;1;0;0;0;0;1011010000;167;408.42391051;1.0025710502
374;374;0033b19f-7f07efac;25s;0;0;0;0;0;1;0;0;5;1;0;0;1;1;10010011;179;407.7119017366;1.0008232598
375;375;0033b19f-7f07efac;30s;0;0;0;0;0;1;0;0;5;1;0;0;0;0;10010000;72;408.2212945539;1.0020736824
376;376;0033b19f-7f07efac;35s;0;0;0;0;0;1;0;0;5;1;0;0;0;0;10010000;72;408.2212945539;1.0020736824
377;377;0034a363-24f318c4;5s;0;0;0;0;2;1;1;1;4;0;0;0;1;1;211100011;180;406.5051070453;0.9978609028
378;378;0034a363-24f318c4;10s;0;0;0;0;2;1;1;0;5;0;0;0;0;0;211000000;99;406.5708558544;0.9980222985
379;379;0034a363-24f318c4;15s;0;0;0;0;2;1;1;0;4;0;0;0;0;1;211000001;31;407.6879297485;1.000764415
380;380;0034a363-24f318c4;20s;0;0;0;0;2;1;1;1;4;0;1;0;1;0;211101010;181;406.9368362472;0.9989206821
381;381;0034a363-24f318c4;25s;0;0;0;0;2;1;0;1;4;0;0;0;0;1;210100001;182;407.0069460009;0.9990927827
382;382;0034a363-24f318c4;30s;1;0;0;0;2;1;0;1;4;0;0;0;0;1;10210100001;183;407.077763941;0.9992666218
383;383;0034a363-24f318c4;35s;1;0;0;0;2;1;0;1;4;0;0;0;0;1;10210100001;183;407.077763941;0.9992666218
384;384;0035afff-3295dbd6;5s;0;0;0;0;2;1;0;0;4;1;0;1;0;0;210010100;62;407.2207897861;0.9996177118
385;385;0035afff-3295dbd6;10s;0;0;0;0;2;1;0;0;4;1;0;1;0;0;210010100;62;407.2207897861;0.9996177118
386;386;0035afff-3295dbd6;15s;0;0;0;1;2;1;0;0;4;1;0;1;0;0;1210010100;184;406.9725023647;0.9990082329
387;387;0035afff-3295dbd6;20s;0;0;0;1;2;1;0;1;4;1;1;0;0;0;1210111000;185;407.0429723858;0.9991812178
388;388;0035afff-3295dbd6;25s;0;1;0;0;2;1;0;0;4;0;0;0;0;0;1210000000;186;407.1141542324;0.9993559502
389;389;0035afff-3295dbd6;30s;0;0;0;0;2;1;0;0;4;1;0;0;0;0;210010000;38;407.0260233938;0.9991396126
390;390;0035afff-3295dbd6;35s;0;0;0;0;2;1;0;0;4;1;0;0;0;1;210010001;28;407.3697771854;0.9999834359
391;391;0035afff-434368a1;5s;0;0;0;0;2;1;0;0;4;1;0;0;0;0;210010000;38;407.0260233938;0.9991396126
392;392;0035afff-434368a1;10s;0;0;0;1;2;1;1;0;4;1;0;0;0;1;1211010001;187;406.220376423;0.9971619656
393;393;0035afff-434368a1;15s;0;0;0;0;2;1;1;0;4;1;0;0;1;0;211010010;105;406.2832491364;0.9973163012
394;394;0035afff-434368a1;20s;0;0;0;0;2;1;1;0;4;1;0;0;0;0;211010000;98;406.7362813271;0.9984283736
395;395;0035afff-434368a1;25s;0;0;0;0;2;1;1;0;4;1;0;0;0;0;211010000;98;406.7362813271;0.9984283736
396;396;0035afff-434368a1;30s;0;0;0;0;2;1;1;0;4;1;0;0;0;0;211010000;98;406.7362813271;0.9984283736
397;397;0035afff-434368a1;35s;1;0;0;0;2;1;0;0;4;0;0;0;0;1;10210000001;61;406.0755961064;0.9968065688
398;398;0035afff-47378fa3;5s;0;0;0;0;2;0;1;0;4;1;0;0;0;0;201010000;188;407.0094978097;0.9990990467
399;399;0035afff-47378fa3;10s;0;0;0;0;2;0;2;0;4;0;0;0;0;0;202000000;189;409.5418255062;1.0053152314
400;400;0035afff-47378fa3;15s;0;0;0;0;2;0;2;0;5;1;0;0;0;0;202010000;190;410.4463667065;1.0075356372
401;401;0035afff-47378fa3;20s;0;0;0;0;2;0;2;0;5;0;0;0;0;0;202000000;189;409.5418255062;1.0053152314
402;402;0035afff-47378fa3;25s;0;0;0;0;2;0;1;0;5;0;0;0;0;1;201000001;191;408.5083525793;1.0027783328
403;403;0035afff-47378fa3;30s;0;0;0;0;2;0;1;0;5;0;0;0;0;1;201000001;191;408.5083525793;1.0027783328
404;404;0035afff-47378fa3;35s;0;0;0;0;2;0;1;0;5;0;0;0;0;1;201000001;191;408.5083525793;1.0027783328
405;405;0035afff-572b2d4e;5s;0;0;0;0;2;1;0;1;3;0;0;0;0;0;210100000;192;405.7359191734;0.9959727531
406;406;0035afff-572b2d4e;10s;0;0;0;0;2;1;0;0;4;0;0;0;0;0;210000000;60;406.3154036253;0.9973952319
407;407;0035afff-572b2d4e;15s;0;0;0;0;2;1;1;1;4;0;0;0;0;0;211100000;104;406.2824535166;0.9973143482
408;408;0035afff-572b2d4e;20s;0;0;0;0;2;1;1;1;3;0;1;0;0;0;211101000;193;404.8895434513;0.9938951279
409;409;0035afff-572b2d4e;25s;0;0;0;0;2;1;1;1;4;0;0;0;0;1;211100001;103;405.9490743841;0.9964959919
410;410;0035afff-572b2d4e;30s;0;0;0;0;2;1;0;1;4;0;0;0;0;0;210100000;192;405.7359191734;0.9959727531
411;411;0035afff-572b2d4e;35s;0;0;0;0;2;1;1;1;4;0;0;0;0;0;211100000;104;406.2824535166;0.9973143482
412;412;0035afff-bd191d6a;5s;1;0;0;0;2;0;1;0;4;0;0;0;0;1;10201000001;194;406.8699286252;0.9987564419
413;413;0035afff-bd191d6a;10s;0;0;0;0;2;0;1;0;4;0;0;0;1;0;201000010;195;406.9393625376;0.9989268835
414;414;0035afff-bd191d6a;15s;0;0;0;0;2;0;1;0;5;1;0;0;0;0;201010000;188;407.0094978097;0.9990990467
415;415;0035afff-bd191d6a;20s;0;0;0;0;2;0;1;0;5;1;0;0;0;0;201010000;188;407.0094978097;0.9990990467
416;416;0035afff-bd191d6a;25s;0;0;0;0;2;0;1;0;5;1;0;0;0;1;201010001;196;410.4463667065;1.0075356372
417;417;0035afff-bd191d6a;30s;0;0;0;0;2;0;2;0;5;0;0;0;0;0;202000000;189;409.5418255062;1.0053152314
418;418;0035afff-bd191d6a;35s;0;0;0;0;2;0;2;0;5;0;0;0;0;0;202000000;189;409.5418255062;1.0053152314
419;419;00378858-c5f802ac;5s;0;0;0;0;2;1;0;0;4;1;0;0;0;0;210010000;38;407.0260233938;0.9991396126
420;420;00378858-c5f802ac;10s;0;0;0;0;2;1;1;0;4;1;0;0;0;0;211010000;98;406.7362813271;0.9984283736
421;421;00378858-c5f802ac;15s;0;0;0;0;2;1;0;0;4;1;0;0;0;1;210010001;28;407.3697771854;0.9999834359
422;422;00378858-c5f802ac;20s;0;0;1;0;2;1;0;0;4;1;0;0;1;0;1210010010;197;407.6920101593;1.0007744313
423;423;00378858-c5f802ac;25s;0;0;0;0;2;1;0;0;4;1;0;0;1;0;210010010;88;407.7697480085;1.0009652569
424;424;00378858-c5f802ac;30s;0;0;0;0;2;1;0;0;4;1;0;0;0;0;210010000;38;407.0260233938;0.9991396126
425;425;00378858-c5f802ac;35s;0;0;0;0;2;1;0;0;4;1;0;0;0;0;210010000;38;407.0260233938;0.9991396126
426;426;00390995-49d9a01e;5s;0;0;0;0;0;1;1;0;4;0;0;0;0;1;11000001;82;407.1544593891;0.9994548885
427;427;00390995-49d9a01e;10s;0;0;0;0;0;1;2;0;4;0;0;0;1;0;12000010;198;406.3091991413;0.9973800015
428;428;00390995-49d9a01e;15s;0;0;0;0;0;1;2;0;4;1;0;0;1;0;12010010;111;406.3729690628;0.9975365396
429;429;00390995-49d9a01e;20s;0;0;0;0;0;1;2;0;4;0;0;0;0;1;12000001;199;406.578212735;0.9980403577
430;430;00390995-49d9a01e;25s;0;0;0;0;0;1;2;0;4;0;0;0;1;1;12000011;110;406.5386094783;0.9979431423
431;431;00390995-49d9a01e;30s;0;0;0;0;0;1;1;0;3;1;0;0;0;1;11010001;200;406.3482446324;0.9974758477
432;432;00390995-49d9a01e;35s;0;0;0;0;0;1;1;0;4;0;0;0;0;0;11000000;49;407.3740662208;0.9999939643
433;433;003c4a61-52588960;5s;0;0;0;0;2;2;1;0;4;1;0;1;1;1;221010111;201;408.5985118798;1.0029996497
434;434;003c4a61-52588960;10s;0;0;0;0;2;2;1;0;4;0;0;1;0;1;221000101;202;408.6854064037;1.0032129524
435;435;003c4a61-52588960;15s;0;0;0;0;2;2;1;0;4;0;0;1;1;1;221000111;203;408.7731786588;1.0034284097
436;436;003c4a61-52588960;20s;0;0;0;0;2;2;1;0;4;1;0;0;1;1;221010011;138;408.8618375112;1.0036460434
437;437;003c4a61-52588960;25s;0;0;0;0;2;2;1;0;4;1;0;0;1;1;221010011;138;408.8618375112;1.0036460434
438;438;003c4a61-52588960;30s;0;0;0;0;2;2;0;0;4;0;0;0;0;1;220000001;172;407.5854638091;1.0005128886
439;439;003c4a61-52588960;35s;0;0;0;0;2;2;0;0;4;0;0;0;0;1;220000001;172;407.5854638091;1.0005128886
440;440;003e23ee-07d32feb;5s;0;0;0;0;0;2;0;1;4;0;0;0;0;0;20100000;204;408.9795382127;1.003934967
441;441;003e23ee-07d32feb;10s;0;0;0;0;0;2;1;1;4;1;0;0;1;0;21110010;205;409.0702815259;1.0041577175
442;442;003e23ee-07d32feb;15s;0;0;0;0;0;2;0;1;4;0;0;0;1;1;20100011;206;409.1619414474;1.004382718
443;443;003e23ee-07d32feb;20s;0;0;0;0;0;2;0;0;4;0;0;0;1;0;20000010;207;409.254527236;1.0046099913
444;444;003e23ee-07d32feb;25s;0;0;0;0;0;2;1;0;4;1;0;1;0;0;21010100;154;409.3480482439;1.0048395602
445;445;003e23ee-07d32feb;30s;0;0;0;0;0;2;1;0;4;0;0;0;1;1;21000011;208;408.0420833655;1.0016337671
446;446;003e23ee-07d32feb;35s;0;0;0;0;0;2;0;0;4;1;0;0;1;0;20010010;153;408.1233573432;1.0018332729
447;447;004071a4-049b7b85;5s;0;0;0;0;2;1;0;0;4;1;0;0;1;0;210010010;88;407.7697480085;1.0009652569
448;448;004071a4-049b7b85;10s;0;0;0;0;2;1;0;0;4;1;0;0;1;0;210010010;88;407.7697480085;1.0009652569
449;449;004071a4-049b7b85;15s;0;0;0;0;2;1;2;0;4;0;0;0;0;1;212000001;209;406.5884915361;0.9980655894
450;450;004071a4-049b7b85;20s;0;0;0;0;2;1;2;0;4;1;0;1;0;0;212010100;101;406.3006267672;0.9973589587
451;451;004071a4-049b7b85;25s;0;0;0;0;2;1;2;1;4;0;0;0;1;0;212100010;210;406.8390361087;0.998680609
452;452;004071a4-049b7b85;30s;0;0;0;0;2;1;2;0;4;0;0;0;0;0;212000000;211;406.9081579723;0.9988502847
453;453;004071a4-049b7b85;35s;1;0;0;0;2;1;1;0;4;0;0;0;0;1;10211000001;212;406.9779780436;0.9990216742
454;454;004071a4-ef4bf541;5s;1;0;0;0;0;1;0;0;4;0;0;0;1;0;10010000010;213;407.1940530831;0.9995520804
455;455;004071a4-ef4bf541;10s;1;0;0;0;0;1;0;0;4;0;0;0;1;0;10010000010;213;407.1940530831;0.9995520804
456;456;004071a4-ef4bf541;15s;0;0;0;0;0;1;0;0;3;1;0;0;0;0;10010000;72;408.2212945539;1.0020736824
457;457;004071a4-ef4bf541;20s;0;0;0;0;0;1;1;0;4;1;0;0;1;0;11010010;70;406.2797623823;0.9973077422
458;458;004071a4-ef4bf541;25s;0;0;0;0;0;1;2;1;4;1;0;1;1;1;12110111;214;406.8419299493;0.9986877126
459;459;004071a4-ef4bf541;30s;1;0;0;0;0;1;1;1;4;0;0;0;0;1;10011100001;215;406.9110810439;0.99885746
460;460;004071a4-ef4bf541;35s;0;0;0;0;0;1;1;1;4;0;0;0;0;1;11100001;146;406.9809306414;0.999028922
461;461;00417c23-220bbc98;5s;0;0;0;0;1;2;0;0;4;0;0;0;0;0;120000000;0;407.1155362771;0.9993593427
462;462;00417c23-220bbc98;10s;0;0;0;0;1;2;1;0;4;1;0;0;0;0;121010000;3;406.861387048;0.9987354746
463;463;00417c23-220bbc98;15s;0;0;0;0;1;2;1;1;4;1;0;1;0;0;121110100;216;405.7013811137;0.9958879715
464;464;00417c23-220bbc98;20s;0;0;0;0;1;2;1;1;4;1;1;0;0;0;121111000;217;405.7590113978;0.9960294383
465;465;00417c23-220bbc98;25s;0;0;0;0;1;2;0;0;3;1;0;0;1;0;120010010;218;405.8172238118;0.9961723342
466;466;00417c23-220bbc98;30s;0;0;0;0;1;2;0;0;4;1;0;1;0;0;120010100;219;406.886125347;0.9987962005
467;467;00417c23-220bbc98;35s;0;0;0;0;1;2;1;0;4;1;0;1;0;0;121010100;220;406.9557228643;0.9989670437
468;468;00423717-0ef3c8dc;5s;0;0;0;0;2;1;0;0;5;1;0;0;0;0;210010000;38;407.0260233938;0.9991396126
469;469;00423717-0ef3c8dc;10s;0;0;0;0;2;1;0;0;4;1;0;0;0;0;210010000;38;407.0260233938;0.9991396126
470;470;00423717-0ef3c8dc;15s;0;0;0;0;2;1;0;0;5;1;0;0;0;0;210010000;38;407.0260233938;0.9991396126
471;471;00423717-0ef3c8dc;20s;0;0;0;0;2;1;0;0;5;1;0;0;0;0;210010000;38;407.0260233938;0.9991396126
472;472;00423717-0ef3c8dc;25s;0;0;0;0;2;1;0;0;5;0;0;0;0;1;210000001;39;407.3460460772;0.9999251824
473;473;00423717-0ef3c8dc;30s;0;0;0;0;2;1;0;0;5;0;0;0;0;1;210000001;39;407.3460460772;0.9999251824
474;474;00423717-0ef3c8dc;35s;0;0;0;0;2;1;0;0;5;0;0;0;0;1;210000001;39;407.3460460772;0.9999251824
475;475;00423717-eba4da41;5s;0;0;0;0;2;1;1;0;3;1;0;0;0;0;211010000;98;406.7362813271;0.9984283736
476;476;00423717-eba4da41;10s;0;0;0;0;2;1;0;0;3;1;0;0;1;1;210010011;221;406.088069773;0.9968371883
477;477;00423717-eba4da41;15s;0;0;0;0;2;1;1;0;4;1;0;0;1;0;211010010;105;406.2832491364;0.9973163012
478;478;00423717-eba4da41;20s;0;0;0;0;2;1;0;0;3;1;0;0;0;0;210010000;38;407.0260233938;0.9991396126
479;479;00423717-eba4da41;25s;0;0;0;0;2;1;0;0;3;0;0;0;1;1;210000011;222;406.7725654528;0.9985174414
480;480;00423717-eba4da41;30s;0;0;0;0;2;1;0;0;4;0;0;0;0;1;210000001;39;407.3460460772;0.9999251824
481;481;00423717-eba4da41;35s;0;0;0;0;2;1;0;0;3;0;0;0;0;1;210000001;39;407.3460460772;0.9999251824
482;482;00423ac5-1fa7ff43;5s;0;0;0;0;2;1;0;0;4;1;0;0;0;0;210010000;38;407.0260233938;0.9991396126
483;483;00423ac5-1fa7ff43;10s;0;0;0;0;2;1;0;0;4;1;0;0;0;0;210010000;38;407.0260233938;0.9991396126
484;484;00423ac5-1fa7ff43;15s;0;0;0;0;2;1;0;0;4;1;0;0;0;0;210010000;38;407.0260233938;0.9991396126
485;485;00423ac5-1fa7ff43;20s;0;0;0;0;2;1;0;1;3;1;1;0;0;1;210111001;223;406.2660388569;0.9972740546
486;486;00423ac5-1fa7ff43;25s;0;0;0;0;2;1;0;0;3;0;0;1;0;0;210000100;224;406.2990288655;0.9973550362
487;487;00423ac5-1fa7ff43;30s;0;0;0;1;2;1;0;0;4;0;0;0;0;0;1210000000;186;407.1141542324;0.9993559502
488;488;00423ac5-1fa7ff43;35s;0;0;0;0;2;1;0;0;4;0;0;0;0;1;210000001;39;407.3460460772;0.9999251824
489;489;0045e757-02530231;5s;0;0;0;0;2;1;0;0;4;1;0;0;0;0;210010000;38;407.0260233938;0.9991396126
490;490;0045e757-02530231;10s;0;0;0;0;2;1;1;0;4;1;0;0;0;0;211010000;98;406.7362813271;0.9984283736
491;491;0045e757-02530231;15s;0;0;0;0;2;1;1;0;4;1;0;0;0;0;211010000;98;406.7362813271;0.9984283736
492;492;0045e757-02530231;20s;0;0;0;0;2;1;1;0;4;1;0;0;0;0;211010000;98;406.7362813271;0.9984283736
493;493;0045e757-02530231;25s;0;0;0;0;2;1;1;0;4;1;0;0;0;1;211010001;119;406.9513039292;0.9989561964
494;494;0045e757-02530231;30s;0;0;0;0;2;1;1;0;4;0;0;0;0;1;211000001;31;407.6879297485;1.000764415
495;495;0045e757-02530231;35s;0;0;0;0;2;1;2;0;4;0;0;0;0;1;212000001;209;406.5884915361;0.9980655894
496;496;0045e757-088840fc;5s;0;0;0;0;2;0;1;0;3;1;0;0;0;0;201010000;188;407.0094978097;0.9990990467
497;497;0045e757-088840fc;10s;0;0;0;0;2;0;1;0;3;1;0;0;0;0;201010000;188;407.0094978097;0.9990990467
498;498;0045e757-088840fc;15s;0;0;0;0;2;0;1;0;3;1;0;0;0;0;201010000;188;407.0094978097;0.9990990467
499;499;0045e757-088840fc;20s;0;0;0;0;2;0;1;0;3;1;0;0;0;0;201010000;188;407.0094978097;0.9990990467
500;500;0045e757-088840fc;25s;0;0;0;0;2;0;0;0;3;1;0;0;0;1;200010001;225;405.2914879245;0.9948817937
501;501;0045e757-088840fc;30s;0;0;0;0;2;0;0;0;3;0;0;0;0;1;200000001;226;406.3550789431;0.9974926241
502;502;0045e757-088840fc;35s;0;0;0;0;2;0;0;0;4;0;0;0;0;1;200000001;226;406.3550789431;0.9974926241
503;503;0045e757-66a334b5;5s;0;0;0;0;2;1;0;0;4;1;0;0;0;0;210010000;38;407.0260233938;0.9991396126
504;504;0045e757-66a334b5;10s;0;0;0;0;2;1;1;0;4;1;0;0;0;0;211010000;98;406.7362813271;0.9984283736
505;505;0045e757-66a334b5;15s;0;0;0;0;2;1;1;0;4;1;0;0;0;0;211010000;98;406.7362813271;0.9984283736
506;506;0045e757-66a334b5;20s;0;0;0;0;2;1;0;0;4;1;0;0;0;1;210010001;28;407.3697771854;0.9999834359
507;507;0045e757-66a334b5;25s;0;0;0;0;2;1;1;0;4;0;0;0;0;1;211000001;31;407.6879297485;1.000764415
508;508;0045e757-66a334b5;30s;0;0;0;0;2;1;1;0;4;0;0;0;0;1;211000001;31;407.6879297485;1.000764415
509;509;0045e757-66a334b5;35s;1;0;0;0;2;1;1;0;4;0;0;0;0;1;10211000001;212;406.9779780436;0.9990216742
510;510;004855fc-ff3946ad;5s;0;0;0;1;0;2;0;0;4;0;0;0;1;0;1020000010;19;406.9029129623;0.9988374096
511;511;004855fc-ff3946ad;10s;0;0;0;1;0;2;0;0;4;1;0;0;0;0;1020010000;227;408.1969427229;1.0020139052
512;512;004855fc-ff3946ad;15s;0;0;0;1;0;2;1;0;4;1;0;0;0;0;1021010000;85;408.2797809521;1.0022172508
513;513;004855fc-ff3946ad;20s;0;0;0;0;0;2;1;0;4;1;0;0;0;0;21010000;83;407.7881207993;1.0010103571
514;514;004855fc-ff3946ad;25s;0;0;0;0;0;2;2;0;4;0;0;0;0;1;22000001;228;407.8721505585;1.0012166276
515;515;004855fc-ff3946ad;30s;0;0;1;0;0;2;2;0;4;0;0;1;0;0;1022000100;229;407.951708026;1.0014119199
516;516;004855fc-ff3946ad;35s;0;0;0;0;0;2;2;0;4;0;0;0;0;0;22000000;230;408.0320691122;1.0016091848
517;517;00495359-1d04dd8a;5s;0;0;0;0;0;0;0;0;4;1;0;0;0;0;10000;164;408.1132419348;1.0018084423
518;518;00495359-1d04dd8a;10s;0;0;0;0;0;0;0;0;3;1;0;0;0;0;10000;164;408.1132419348;1.0018084423
519;519;00495359-27ce9c7e;5s;0;0;0;0;0;1;1;0;3;0;0;0;0;0;11000000;49;407.3740662208;0.9999939643
520;520;00495359-27ce9c7e;15s;0;0;0;0;0;1;1;0;4;0;0;0;0;0;11000000;49;407.3740662208;0.9999939643
521;521;00495359-27ce9c7e;20s;0;0;0;0;0;1;1;0;4;0;0;0;0;0;11000000;49;407.3740662208;0.9999939643
522;522;004ea016-0b1932a7;5s;0;0;0;0;0;2;0;0;4;1;0;0;0;0;20010000;141;408.6837477413;1.0032088808
523;523;004ea016-0b1932a7;10s;0;0;0;0;0;2;0;0;4;1;0;0;0;0;20010000;141;408.6837477413;1.0032088808
524;524;004ea016-0b1932a7;15s;0;0;0;0;0;2;1;0;4;1;0;0;0;0;21010000;83;407.7881207993;1.0010103571
525;525;004ea016-0b1932a7;25s;0;0;0;0;0;2;2;1;4;1;0;0;0;0;22110000;231;408.130867476;1.0018517082
526;526;004ea016-0b1932a7;30s;0;0;0;0;0;2;2;1;4;0;0;0;0;0;22100000;232;408.2130382718;1.0020534155
527;527;004ea016-0b1932a7;35s;0;0;0;0;0;2;1;1;5;0;0;0;0;0;21100000;233;408.2960390839;1.0022571602
528;528;00516b75-7ac91661;5s;0;0;0;0;2;1;0;0;4;1;0;0;0;1;210010001;28;407.3697771854;0.9999834359
529;529;00516b75-7ac91661;10s;0;0;0;0;2;1;0;0;4;1;0;0;0;1;210010001;28;407.3697771854;0.9999834359
530;530;00516b75-7ac91661;15s;0;0;0;0;2;1;1;0;4;1;0;0;0;1;211010001;119;406.9513039292;0.9989561964
531;531;00516b75-7ac91661;20s;0;0;0;0;2;1;0;0;3;1;0;0;0;1;210010001;28;407.3697771854;0.9999834359
532;532;00516b75-7ac91661;25s;0;0;0;0;2;1;0;0;3;1;0;0;0;1;210010001;28;407.3697771854;0.9999834359
533;533;00516b75-7ac91661;30s;0;0;0;0;2;1;0;0;4;1;0;0;0;1;210010001;28;407.3697771854;0.9999834359
534;534;00516b75-7ac91661;35s;0;0;0;0;2;1;1;0;4;1;0;0;0;0;211010000;98;406.7362813271;0.9984283736
535;535;0051e391-d32a618e;5s;0;0;0;0;0;1;0;1;3;0;0;0;1;0;10100010;156;407.1453588324;0.9994325491
536;536;0051e391-d32a618e;10s;0;0;0;0;0;1;0;1;4;1;0;1;0;0;10110100;234;406.5550450653;0.9979834873
537;537;0051e391-d32a618e;15s;0;0;0;0;0;1;1;0;4;1;0;0;0;0;11010000;68;406.6212983039;0.9981461212
538;538;0051e391-d32a618e;20s;0;1;0;0;0;1;2;0;4;1;0;0;0;0;1012010000;178;406.2239726593;0.9971707934
539;539;0051e391-d32a618e;25s;0;1;0;0;0;1;2;0;3;1;0;0;0;0;1012010000;178;406.2239726593;0.9971707934
540;540;0051e391-d32a618e;30s;0;1;0;0;0;1;2;0;4;1;0;0;1;0;1012010010;235;406.2169245368;0.9971534921
541;541;0051e391-d32a618e;35s;0;0;0;0;0;1;1;0;4;1;0;0;1;0;11010010;70;406.2797623823;0.9973077422
542;542;0052b279-87c692aa;5s;0;0;0;0;0;1;2;0;4;1;0;0;0;0;12010000;108;406.3027992734;0.9973642916
543;543;0052b279-87c692aa;10s;0;0;0;0;0;1;2;0;4;1;0;0;0;1;12010001;109;406.5964955956;0.9980852372
544;544;0052b279-87c692aa;15s;0;0;0;0;0;1;2;0;4;1;0;0;0;1;12010001;109;406.5964955956;0.9980852372
545;545;0052b279-87c692aa;20s;0;0;0;0;0;1;2;0;4;1;0;0;0;1;12010001;109;406.5964955956;0.9980852372
546;546;0052b279-87c692aa;25s;1;0;0;0;0;1;0;0;4;0;0;0;0;1;10010000001;236;407.2358296857;0.9996546307
547;547;0052b279-87c692aa;30s;1;0;0;0;0;1;0;0;4;0;0;0;0;1;10010000001;236;407.2358296857;0.9996546307
548;548;0052b279-87c692aa;35s;0;0;0;0;0;1;0;0;4;0;0;0;0;1;10000001;127;407.382048794;1.0000135594
549;549;005645a1-dbe34c9d;5s;0;0;0;0;2;1;1;1;4;0;0;0;1;0;211100010;237;406.2195887595;0.9971600321
550;550;005645a1-dbe34c9d;10s;0;0;0;0;2;1;1;1;4;0;0;0;0;0;211100000;104;406.2824535166;0.9973143482
551;551;005645a1-dbe34c9d;15s;0;0;0;0;2;1;0;0;4;0;0;0;0;0;210000000;60;406.3154036253;0.9973952319
552;552;005645a1-dbe34c9d;20s;0;0;0;0;2;1;0;0;4;0;0;0;0;0;210000000;60;406.3154036253;0.9973952319
553;553;005645a1-dbe34c9d;25s;0;0;0;0;2;1;0;0;4;1;0;0;0;0;210010000;38;407.0260233938;0.9991396126
554;554;005645a1-dbe34c9d;30s;0;0;0;0;2;1;0;0;4;0;0;0;0;0;210000000;60;406.3154036253;0.9973952319
555;555;005645a1-dbe34c9d;35s;0;0;0;0;2;1;0;0;4;0;0;1;0;0;210000100;224;406.2990288655;0.9973550362
556;556;00589f25-4cf2b9e0;5s;0;0;0;0;0;1;1;0;4;1;0;0;0;0;11010000;68;406.6212983039;0.9981461212
557;557;00589f25-4cf2b9e0;10s;0;0;0;0;0;1;2;0;4;1;0;0;0;1;12010001;109;406.5964955956;0.9980852372
558;558;00589f25-4cf2b9e0;15s;0;0;0;0;0;1;1;0;4;1;0;0;0;1;11010001;200;406.3482446324;0.9974758477
559;559;00589f25-4cf2b9e0;20s;0;0;0;0;0;1;1;0;4;0;0;0;0;0;11000000;49;407.3740662208;0.9999939643
560;560;00589f25-4cf2b9e0;25s;0;0;0;0;0;1;0;0;4;0;0;0;1;0;10000010;238;406.1185823335;0.9969120884
561;561;00589f25-4cf2b9e0;30s;0;0;0;0;0;1;0;0;4;0;0;0;1;0;10000010;238;406.1185823335;0.9969120884
562;562;00589f25-4cf2b9e0;35s;1;0;0;0;0;1;0;0;4;0;0;0;1;0;10010000010;213;407.1940530831;0.9995520804
563;563;0059f17f-f0882eef;5s;0;0;0;0;2;2;0;0;4;1;0;0;0;1;220010001;35;406.3848539475;0.9975657138
564;564;0059f17f-f0882eef;10s;0;0;0;0;2;2;0;0;4;0;0;0;0;1;220000001;172;407.5854638091;1.0005128886
565;565;0059f17f-f0882eef;15s;0;0;0;0;2;2;0;0;4;1;0;0;1;1;220010011;239;407.5938178362;1.0005333955
566;566;0059f17f-f0882eef;20s;0;0;0;0;2;2;0;0;4;1;0;0;0;0;220010000;10;407.6705638339;1.0007217864
567;567;0059f17f-f0882eef;25s;0;0;0;1;2;2;0;1;4;1;0;0;1;1;1220110011;240;406.1974575788;0.997105706
568;568;0059f17f-f0882eef;30s;0;0;0;1;2;2;0;0;4;1;0;0;1;0;1220010010;241;406.2600987864;0.9972594733
569;569;0059f17f-f0882eef;35s;0;0;0;0;2;2;0;0;4;1;0;0;1;0;220010010;36;406.3233727398;0.9974147939
570;570;005c4fd3-cb4d6287;5s;0;0;0;0;1;1;1;0;4;0;0;0;0;0;111000000;242;406.1140682489;0.9969010076
571;571;005c4fd3-cb4d6287;10s;0;0;0;0;1;1;2;0;4;0;0;0;0;1;112000001;243;406.1758671316;0.9970527072
572;572;005c4fd3-cb4d6287;15s;0;0;0;0;1;1;2;0;3;0;0;0;1;1;112000011;244;406.2382902517;0.9972059392
573;573;005c4fd3-cb4d6287;20s;0;0;0;0;1;1;2;0;4;0;0;0;1;0;112000010;245;406.1758671316;0.9970527072
574;574;005c4fd3-cb4d6287;25s;0;0;0;0;1;1;2;0;4;0;0;0;1;1;112000011;244;406.2382902517;0.9972059392
575;575;005c4fd3-cb4d6287;30s;0;0;0;0;1;1;2;0;3;0;0;0;1;1;112000011;244;406.2382902517;0.9972059392
576;576;005c4fd3-cb4d6287;35s;0;0;0;0;1;1;2;0;3;0;0;0;1;1;112000011;244;406.2382902517;0.9972059392
577;577;005cdef0-180a776c;5s;0;0;0;0;0;2;0;1;4;1;0;0;0;0;20110000;160;409.5831092394;1.0054165719
578;578;005cdef0-180a776c;10s;0;0;0;1;0;2;1;1;4;1;0;0;0;0;1021110000;246;407.7101992203;1.0008190806
579;579;005cdef0-180a776c;15s;0;0;0;0;0;2;1;0;4;1;0;0;0;0;21010000;83;407.7881207993;1.0010103571
580;580;005cdef0-180a776c;20s;0;0;0;0;0;2;1;0;4;1;0;0;0;1;21010001;247;408.5968698042;1.0029956188
581;581;005cdef0-180a776c;25s;0;0;0;0;0;2;0;0;4;1;0;0;0;0;20010000;141;408.6837477413;1.0032088808
582;582;005cdef0-180a776c;30s;0;0;0;0;0;2;1;0;4;1;0;0;0;0;21010000;83;407.7881207993;1.0010103571
583;583;005cdef0-180a776c;35s;0;0;0;0;0;2;0;0;4;1;0;0;0;1;20010001;248;407.457695755;1.0001992524
584;584;005ee183-0100ac18;5s;0;0;0;0;0;1;0;0;4;0;0;0;0;0;10000000;43;407.5330667685;1.000384268
585;585;005ee183-0100ac18;10s;0;0;0;0;0;1;1;0;4;0;0;0;0;0;11000000;49;407.3740662208;0.9999939643
586;586;005ee183-0100ac18;15s;0;0;0;0;0;1;0;0;4;1;0;0;0;0;10010000;72;408.2212945539;1.0020736824
587;587;005ee183-0100ac18;20s;0;0;0;0;0;1;0;0;3;1;0;0;1;0;10010010;79;406.4883778976;0.9978198373
588;588;005ee183-0100ac18;25s;0;0;0;0;0;1;0;0;3;0;0;0;1;0;10000010;238;406.1185823335;0.9969120884
589;589;005ee183-0100ac18;30s;0;0;0;0;0;1;1;0;3;1;0;0;1;0;11010010;70;406.2797623823;0.9973077422
590;590;005ee183-0100ac18;35s;0;0;0;0;0;1;2;0;3;1;0;0;1;0;12010010;111;406.3729690628;0.9975365396
591;591;005ee183-bcfab89f;5s;0;0;0;0;0;1;1;0;3;1;0;0;0;0;11010000;68;406.6212983039;0.9981461212
592;592;005ee183-bcfab89f;10s;0;0;1;0;0;1;2;0;3;1;0;0;0;0;1012010000;178;406.2239726593;0.9971707934
593;593;005ee183-bcfab89f;15s;0;0;0;0;0;1;2;0;3;1;0;0;0;0;12010000;108;406.3027992734;0.9973642916
594;594;005ee183-bcfab89f;20s;0;0;0;0;0;1;1;1;3;1;1;1;0;0;11111100;249;405.9110810439;0.9964027285
595;595;005ee183-bcfab89f;25s;0;0;0;0;0;1;1;1;4;0;0;0;0;1;11100001;146;406.9809306414;0.999028922
596;596;005ee183-bcfab89f;30s;0;0;0;0;0;1;1;0;4;0;0;0;1;0;11000010;107;407.2074926423;0.9995850709
597;597;005ee183-bcfab89f;35s;0;0;0;0;0;1;1;0;4;0;0;0;0;0;11000000;49;407.3740662208;0.9999939643
598;598;005fd7be-d8e0dc65;5s;0;0;0;0;2;1;1;0;4;0;0;0;1;1;211000011;250;406.5051070453;0.9978609028
599;599;005fd7be-d8e0dc65;10s;0;0;0;0;2;1;1;0;4;0;0;0;0;0;211000000;99;406.5708558544;0.9980222985
600;600;005fd7be-d8e0dc65;15s;0;0;0;0;2;1;1;0;4;1;0;0;0;0;211010000;98;406.7362813271;0.9984283736
601;601;005fd7be-d8e0dc65;20s;0;0;0;0;2;1;2;0;4;0;0;0;1;0;212000010;251;406.7047995278;0.9983510943
602;602;005fd7be-d8e0dc65;25s;0;0;0;0;2;1;0;0;4;0;0;0;1;1;210000011;222;406.7725654528;0.9985174414
603;603;005fd7be-d8e0dc65;30s;0;0;0;0;2;1;0;0;4;0;0;0;0;1;210000001;39;407.3460460772;0.9999251824
604;604;005fd7be-d8e0dc65;35s;0;0;0;0;2;1;0;0;4;0;0;0;0;1;210000001;39;407.3460460772;0.9999251824
605;605;005ff190-5be4cdfa;5s;0;0;0;0;2;1;0;0;4;1;0;0;0;0;210010000;38;407.0260233938;0.9991396126
606;606;005ff190-5be4cdfa;10s;0;0;1;0;2;1;0;0;4;1;0;0;0;0;1210010000;89;406.4997129223;0.9978476617
607;607;005ff190-5be4cdfa;15s;0;0;0;0;2;1;0;0;4;1;0;0;0;0;210010000;38;407.0260233938;0.9991396126
608;608;005ff190-5be4cdfa;20s;0;0;0;0;2;1;0;1;4;1;1;0;0;1;210111001;223;406.2660388569;0.9972740546
609;609;005ff190-5be4cdfa;25s;0;0;0;0;2;1;0;0;4;1;0;0;0;1;210010001;28;407.3697771854;0.9999834359
610;610;005ff190-5be4cdfa;30s;0;0;0;0;2;1;0;0;4;1;0;0;0;0;210010000;38;407.0260233938;0.9991396126
611;611;005ff190-5be4cdfa;35s;0;0;0;0;2;1;0;0;4;1;0;0;0;1;210010001;28;407.3697771854;0.9999834359
612;612;00618cec-3bc5573e;5s;0;0;0;0;0;2;1;0;4;1;0;0;0;0;21010000;83;407.7881207993;1.0010103571
613;613;00618cec-3bc5573e;10s;0;0;0;0;0;2;2;0;4;1;0;0;0;0;22010000;252;407.7101992203;1.0008190806
614;614;00618cec-3bc5573e;15s;0;0;0;0;0;2;1;0;4;1;0;0;0;0;21010000;83;407.7881207993;1.0010103571
615;615;00618cec-3bc5573e;20s;0;0;0;0;0;2;0;1;4;1;1;1;0;0;20111100;253;407.8819655262;1.0012407208
616;616;00618cec-3bc5573e;25s;0;0;0;0;0;2;1;1;4;1;0;1;0;1;21110101;254;407.9616221357;1.0014362564
617;617;00618cec-3bc5573e;30s;0;0;0;0;0;2;1;0;4;1;0;0;1;0;21010010;255;408.0420833655;1.0016337671
618;618;00618cec-3bc5573e;35s;0;0;0;0;0;2;0;0;4;1;0;0;1;0;20010010;153;408.1233573432;1.0018332729
619;619;00618cec-a7f7e470;5s;0;0;0;0;0;1;0;0;4;1;0;0;1;0;10010010;79;406.4883778976;0.9978198373
620;620;00618cec-a7f7e470;10s;0;0;0;0;0;1;1;0;4;1;0;0;1;0;11010010;70;406.2797623823;0.9973077422
621;621;00618cec-a7f7e470;15s;0;0;0;0;0;1;1;0;3;1;0;0;1;0;11010010;70;406.2797623823;0.9973077422
622;622;00618cec-a7f7e470;20s;0;0;0;0;0;1;2;0;4;1;0;0;0;0;12010000;108;406.3027992734;0.9973642916
623;623;00618cec-a7f7e470;25s;0;0;0;0;0;1;2;0;4;0;0;0;1;1;12000011;110;406.5386094783;0.9979431423
624;624;00618cec-a7f7e470;30s;0;0;0;0;0;1;2;0;4;0;0;0;0;0;12000000;76;407.0927950813;0.9993035192
625;625;00618cec-a7f7e470;35s;0;0;0;0;0;1;2;0;4;0;0;0;0;0;12000000;76;407.0927950813;0.9993035192
626;626;00618cec-ef92ac05;5s;0;0;0;0;0;1;1;0;4;0;0;0;1;0;11000010;107;407.2074926423;0.9995850709
627;627;00618cec-ef92ac05;10s;0;0;0;0;0;1;1;0;4;0;0;0;0;0;11000000;49;407.3740662208;0.9999939643
628;628;00618cec-ef92ac05;15s;0;0;0;0;0;1;1;0;4;1;0;0;0;0;11010000;68;406.6212983039;0.9981461212
629;629;00618cec-ef92ac05;20s;0;0;0;0;0;1;0;0;4;1;0;0;1;0;10010010;79;406.4883778976;0.9978198373
630;630;00618cec-ef92ac05;25s;0;0;0;0;0;1;0;0;3;0;0;0;1;0;10000010;238;406.1185823335;0.9969120884
631;631;00618cec-ef92ac05;30s;0;0;0;0;0;1;0;0;3;0;0;0;1;0;10000010;238;406.1185823335;0.9969120884
632;632;00618cec-ef92ac05;35s;0;0;0;0;0;1;0;0;4;1;0;0;0;0;10010000;72;408.2212945539;1.0020736824
633;633;0062298d-2d787502;5s;0;0;0;0;2;1;0;1;4;0;0;0;1;1;210100011;256;406.5051070453;0.9978609028
634;634;0062298d-2d787502;10s;0;0;0;0;2;1;1;0;4;0;0;0;0;0;211000000;99;406.5708558544;0.9980222985
635;635;0062298d-2d787502;15s;0;0;0;0;2;1;1;0;4;1;0;0;1;0;211010010;105;406.2832491364;0.9973163012
636;636;0062298d-2d787502;20s;0;0;0;0;2;1;1;1;4;1;0;1;0;1;211110101;257;406.668878247;0.9982629172
637;637;0062298d-2d787502;25s;0;0;0;0;2;1;1;0;4;1;0;0;0;0;211010000;98;406.7362813271;0.9984283736
638;638;0062298d-2d787502;30s;0;0;0;0;2;1;1;0;4;1;0;0;0;0;211010000;98;406.7362813271;0.9984283736
639;639;0062298d-2d787502;35s;0;0;0;0;2;1;1;0;4;1;0;0;0;0;211010000;98;406.7362813271;0.9984283736
640;640;0062298d-cbbec2cd;5s;0;0;0;0;2;2;0;0;4;0;0;1;0;0;220000100;15;406.9120549974;0.9988598508
641;641;0062298d-cbbec2cd;10s;0;0;0;0;2;2;1;0;4;1;0;0;0;0;221010000;64;407.335836986;0.9999001218
642;642;0062298d-cbbec2cd;15s;0;0;0;0;2;2;1;0;4;1;0;0;1;0;221010010;258;405.9642353532;0.996533208
643;643;0062298d-cbbec2cd;20s;0;0;0;0;2;2;1;1;4;1;0;1;1;1;221110111;259;406.0245207572;0.9966811925
644;644;0062298d-cbbec2cd;25s;0;0;0;0;2;2;0;1;4;1;0;1;0;1;220110101;175;406.0854151107;0.9968306718
645;645;0062298d-cbbec2cd;30s;0;0;0;0;2;2;1;1;4;0;0;1;0;1;221100101;260;402.7746713168;0.9887036846
646;646;0062298d-cbbec2cd;35s;0;0;0;0;2;2;0;1;4;0;0;1;0;1;220100101;261;402.8027385801;0.9887725822
647;647;0062298d-e6abad2f;5s;0;0;0;0;2;0;1;0;2;1;0;0;1;1;201010011;262;402.8310893539;0.9888421758
648;648;0062298d-e6abad2f;10s;0;0;0;0;2;0;1;0;3;1;0;1;1;1;201010111;263;404.8799287242;0.9938715264
649;649;0062298d-e6abad2f;15s;0;0;0;0;2;0;1;0;3;0;0;0;0;0;201000000;264;405.9393625376;0.996472152
650;650;0062298d-e6abad2f;20s;0;0;0;0;2;0;1;0;3;1;0;0;0;0;201010000;188;407.0094978097;0.9990990467
651;651;0062298d-e6abad2f;25s;0;0;0;0;2;0;0;0;4;0;0;0;0;1;200000001;226;406.3550789431;0.9974926241
652;652;0062298d-e6abad2f;30s;0;0;0;0;2;0;0;0;4;1;0;0;0;0;200010000;265;406.8868543279;0.9987979899
653;653;0062298d-e6abad2f;35s;0;0;0;0;2;0;0;0;4;1;0;0;0;0;200010000;265;406.8868543279;0.9987979899
654;654;0062298d-fd69d0ec;5s;0;0;0;0;2;1;0;0;3;1;0;0;0;0;210010000;38;407.0260233938;0.9991396126
655;655;0062298d-fd69d0ec;10s;0;1;0;0;2;1;0;0;4;1;0;0;0;0;1210010000;89;406.4997129223;0.9978476617
656;656;0062298d-fd69d0ec;15s;0;1;0;0;2;1;0;0;3;1;0;0;0;0;1210010000;89;406.4997129223;0.9978476617
657;657;0062298d-fd69d0ec;20s;0;0;0;0;2;1;0;0;4;1;0;0;1;1;210010011;221;406.088069773;0.9968371883
658;658;0062298d-fd69d0ec;25s;0;0;0;0;2;1;0;0;4;1;0;0;0;0;210010000;38;407.0260233938;0.9991396126
659;659;0062298d-fd69d0ec;30s;0;0;0;0;2;1;1;0;4;1;0;0;0;0;211010000;98;406.7362813271;0.9984283736
660;660;0062298d-fd69d0ec;35s;0;0;0;0;2;1;1;0;4;1;0;0;0;1;211010001;119;406.9513039292;0.9989561964
661;661;0062e803-38c0a33a;5s;0;0;0;0;0;1;1;0;4;1;0;0;1;0;11010010;70;406.2797623823;0.9973077422
662;662;0062e803-38c0a33a;10s;0;0;0;0;0;1;2;0;4;0;0;0;0;1;12000001;199;406.578212735;0.9980403577
663;663;0062e803-38c0a33a;15s;0;0;0;0;0;1;2;1;4;0;0;0;0;1;12100001;266;406.7507498428;0.99846389
664;664;0062e803-38c0a33a;20s;0;0;0;0;0;1;1;0;4;0;0;0;1;1;11000011;81;406.8189799171;0.9986313765
665;665;0062f18d-f8cd3a65;5s;0;0;0;0;0;1;1;0;3;1;0;0;0;0;11010000;68;406.6212983039;0.9981461212
666;666;0062f18d-f8cd3a65;10s;0;0;0;1;0;1;0;0;3;0;0;0;0;1;1010000001;96;406.9675339656;0.9989960368
667;667;0062f18d-f8cd3a65;15s;0;0;0;0;0;1;0;0;4;1;0;0;1;1;10010011;179;407.7119017366;1.0008232598
668;668;006382a3-4a442001;5s;0;0;0;0;0;1;1;0;3;1;0;0;0;1;11010001;200;406.3482446324;0.9974758477
669;669;006382a3-4a442001;10s;0;0;0;0;0;1;1;1;3;1;0;0;0;0;11110000;267;406.3002852286;0.9973581203
670;670;006382a3-4a442001;15s;0;0;0;0;0;1;1;0;3;0;0;0;0;0;11000000;49;407.3740662208;0.9999939643
671;671;006382a3-4a442001;25s;0;0;0;0;0;1;1;0;4;1;0;0;0;1;11010001;200;406.3482446324;0.9974758477
672;672;006382a3-4a442001;30s;0;0;0;0;0;1;1;0;4;1;0;0;0;0;11010000;68;406.6212983039;0.9981461212
673;673;006382a3-4a442001;35s;0;0;0;0;0;1;2;0;3;1;0;0;1;0;12010010;111;406.3729690628;0.9975365396
