,Unnamed: 0.1,FileName,timestamp,peds_speed,weaving,swerving,sideslip,timeofday,roadtype,Congestion,BrakeLight,GroundTruthRating,Jerk_binary,relspeed_binary,reldist_binary,turns_binary,stop_binary,ID,state,value,norm_value
0,0,0000f77c-62c2a288,5s,0,0,0,0,1,2,0,0,4,0,0,0,0,0,00120000000,0,40.79957049703276,0.9993593426999999
1,1,0000f77c-62c2a288,10s,0,0,0,0,1,2,0,0,4,0,0,0,0,1,00120000001,1,40.71960977536851,0.9991845765
2,2,0000f77c-62c2a288,15s,0,0,0,0,1,2,0,0,4,0,0,0,0,0,00120000000,0,40.79957049703276,0.9993593426999999
3,3,0000f77c-62c2a288,20s,0,0,0,0,1,2,0,0,4,1,0,0,1,1,00120010011,2,40.719609775368504,0.9991845765
4,4,0000f77c-62c2a288,25s,0,0,0,0,1,2,0,0,4,0,0,0,0,0,00120000000,0,40.79957049703276,0.9993593426999999
5,5,0000f77c-62c2a288,30s,0,0,0,0,1,2,0,0,5,0,0,0,0,0,00120000000,0,40.79957049703276,0.9993593426999999
6,6,0000f77c-62c2a288,35s,0,0,0,0,1,2,1,0,5,1,0,0,0,0,00121010000,3,40.54608061229335,0.9987354745999999
7,7,0000f77c-cb820c98.mov,5s,0,0,0,0,1,0,1,0,4,0,1,0,0,0,00101001000,4,40.59512640428381,0.9994438106
8,8,0000f77c-cb820c98.mov,10s,0,0,0,0,1,0,1,0,4,0,0,0,0,0,00101000000,5,40.661255626440514,0.9996211954
9,9,0000f77c-cb820c98.mov,15s,0,0,0,0,1,0,1,0,4,1,0,0,0,0,00101010000,6,40.734732547295636,0.9998003718999999
10,10,0000f77c-cb820c98.mov,20s,0,0,0,0,1,0,1,0,4,1,0,0,0,1,00101010001,7,40.816373578632096,0.9999813584
11,11,0000f77c-cb820c98.mov,25s,0,0,0,0,1,0,0,0,4,0,0,0,1,1,00100000011,8,40.90708584474383,1.000164173
12,12,0000f77c-cb820c98.mov,30s,0,0,0,0,1,0,0,0,4,0,0,0,1,1,00100000011,8,40.90708584474383,1.000164173
13,13,0000f77c-cb820c98.mov,35s,0,0,0,0,1,0,0,0,4,0,0,0,0,0,00100000000,9,41.10866457769644,1.0005333955
14,14,00067cfb-5adfaaa7,5s,0,0,0,0,2,2,0,0,4,1,0,0,0,0,00220010000,10,41.23185365395878,1.0007217864
15,15,00067cfb-5adfaaa7,10s,0,0,0,0,2,2,1,0,3,1,0,0,0,1,00221010001,11,39.96162766862388,0.9974643264
16,16,00067cfb-5adfaaa7,15s,0,0,0,0,2,2,0,0,4,0,0,0,0,0,00220000000,12,40.10237475178953,0.9978227379000001
17,17,00067cfb-5adfaaa7,20s,0,0,0,0,2,2,0,1,3,1,1,0,1,0,00220111010,13,39.304034896685096,0.9960672744
18,18,00067cfb-5adfaaa7,25s,0,0,0,0,2,2,0,1,4,0,0,0,1,0,00220100010,14,40.33782058565397,0.9986900795
19,19,00067cfb-5adfaaa7,30s,0,0,0,0,2,2,0,0,4,0,0,1,0,0,00220000100,15,40.37536024381782,0.9988598508
20,20,00067cfb-5adfaaa7,35s,0,0,0,0,2,2,0,0,4,0,0,1,0,0,00220000100,15,40.37536024381782,0.9988598508
21,21,00067cfb-caba8a02.mov,5s,0,0,0,1,0,2,0,0,4,0,0,0,0,0,01020000000,16,39.95237604750389,0.9983338384999999
22,22,00067cfb-caba8a02.mov,10s,0,0,0,1,0,2,0,0,4,0,0,1,0,1,01020000101,17,39.94708849193499,0.9985000113
23,23,00067cfb-caba8a02.mov,15s,0,1,0,0,0,2,0,1,4,0,0,0,0,1,01020100001,18,39.94121342960427,0.9986678627
24,24,00067cfb-caba8a02.mov,20s,0,1,0,0,0,2,0,0,3,0,0,0,1,0,01020000010,19,39.934685581917336,0.9988374095999999
25,25,00067cfb-caba8a02.mov,25s,0,0,0,0,0,2,0,0,3,0,0,0,1,1,00020000011,20,39.80477868398647,0.9984828599
26,26,00067cfb-caba8a02.mov,30s,0,0,0,0,0,2,0,0,4,0,0,0,0,0,00020000000,21,40.894202627182594,1.0011300651000001
27,27,00067cfb-caba8a02.mov,35s,0,0,0,0,0,2,0,0,4,0,0,0,0,0,00020000000,21,40.894202627182594,1.0011300651000001
28,28,00067cfb-e535423e,5s,0,0,0,0,1,1,0,0,4,0,0,0,0,0,00110000000,22,41.0929184214679,1.0015188006
29,29,00067cfb-e535423e,10s,0,0,0,0,1,1,1,0,4,0,0,0,0,1,00111000001,23,41.01782033004564,1.0008997766
30,30,00067cfb-e535423e,15s,1,0,1,0,1,1,0,0,4,0,0,0,1,0,11110000010,24,39.92442755245109,0.9980911529000001
31,31,00067cfb-e535423e,20s,0,0,1,0,1,1,0,0,3,1,1,0,0,0,01110011000,25,39.9160346054376,0.9982548743
32,32,00067cfb-e535423e,25s,0,0,0,0,1,1,1,0,5,0,0,0,0,1,00111000001,23,41.01782033004564,1.0008997766
33,33,00067cfb-e535423e,30s,2,0,0,0,1,1,0,0,4,0,0,0,0,1,20110000001,26,41.38575651307608,1.0018538036
34,34,00067cfb-e535423e,35s,2,0,0,0,1,1,0,0,4,0,0,0,0,1,20110000001,26,41.38575651307608,1.0018538036
35,35,0001542f-5ce3cf52.mov,5s,0,0,0,0,2,1,0,1,5,1,0,0,0,0,00210110000,27,41.6937065588437,1.0022571601999999
36,36,0001542f-5ce3cf52.mov,10s,0,0,0,0,2,1,0,0,5,1,0,0,0,1,00210010001,28,40.77078914246041,0.9999834359
37,37,0001542f-5ce3cf52.mov,15s,0,0,0,0,2,1,0,0,5,1,0,0,0,1,00210010001,28,40.77078914246041,0.9999834359
38,38,0001542f-5ce3cf52.mov,20s,0,0,0,0,2,1,0,1,4,1,0,0,0,1,00210110001,29,41.775030992186494,1.002818853
39,39,0001542f-5ce3cf52.mov,25s,0,0,0,0,2,1,1,0,5,1,0,0,1,1,00211010011,30,41.97226085521065,1.0030303294
40,40,0001542f-5ce3cf52.mov,30s,0,0,0,0,2,1,1,0,5,0,0,0,0,1,00211000001,31,41.08029394715194,1.000764415
41,41,0001542f-5ce3cf52.mov,35s,0,0,0,0,2,1,1,0,5,0,0,0,0,1,00211000001,31,41.08029394715194,1.000764415
42,42,0001542f-7c670be8.mov,5s,0,0,0,0,2,2,0,1,4,0,0,0,0,0,00220100000,32,40.399159613753426,0.9993298715000001
43,43,0001542f-7c670be8.mov,10s,0,0,0,0,2,2,0,0,3,0,0,0,1,0,00220000010,33,40.44351472629932,0.9995061054000001
44,44,0001542f-7c670be8.mov,15s,0,1,0,0,2,2,0,0,4,1,0,0,0,0,01220010000,34,41.603909411834195,1.0021636465000001
45,45,0001542f-7c670be8.mov,20s,0,1,0,0,2,2,0,0,4,1,0,0,0,0,01220010000,34,41.603909411834195,1.0021636465000001
46,46,0001542f-7c670be8.mov,25s,0,0,0,0,2,2,0,0,3,1,0,0,0,1,00220010001,35,39.76775596608556,0.9975657137999999
47,47,0001542f-7c670be8.mov,30s,0,0,0,0,2,2,0,0,3,1,0,0,1,0,00220010010,36,39.79368272693583,0.9974147939
48,48,0001542f-7c670be8.mov,35s,0,0,0,0,2,2,0,0,4,1,0,0,0,0,00220010000,10,41.23185365395878,1.0007217864
49,49,0001542f-ec815219,5s,0,0,0,0,2,1,0,0,4,0,0,0,1,0,00210000010,37,40.983603876918494,1.0001944589
50,50,0001542f-ec815219,10s,0,0,0,0,2,1,0,0,5,1,0,0,0,0,00210010000,38,40.53733966788742,0.9991396126000001
51,51,0001542f-ec815219,15s,0,0,0,0,2,1,0,0,5,1,0,0,0,0,00210010000,38,40.53733966788742,0.9991396126000001
52,52,0001542f-ec815219,20s,0,0,0,0,2,1,0,0,4,1,0,0,0,0,00210010000,38,40.53733966788742,0.9991396126000001
53,53,0001542f-ec815219,25s,0,0,0,0,2,1,0,0,4,1,0,0,0,1,00210010001,28,40.77078914246041,0.9999834359
54,54,0001542f-ec815219,30s,0,0,0,0,2,1,0,0,5,0,0,0,0,1,00210000001,39,40.87573858844152,0.9999251824
55,55,0001542f-ec815219,35s,0,0,0,0,2,1,0,0,5,0,0,0,0,1,00210000001,39,40.87573858844152,0.9999251824
56,56,0004974f-05e1c285,5s,0,0,0,0,2,2,0,0,5,1,0,0,0,0,00220010000,10,41.23185365395878,1.0007217864
57,57,0004974f-05e1c285,10s,0,1,0,0,2,2,0,0,5,1,0,0,0,0,01220010000,34,41.603909411834195,1.0021636465000001
58,58,0004974f-05e1c285,15s,0,1,0,0,2,2,0,0,5,1,0,0,0,0,01220010000,34,41.603909411834195,1.0021636465000001
59,59,0004974f-05e1c285,20s,0,1,0,0,2,2,0,0,5,1,0,0,0,0,01220010000,34,41.603909411834195,1.0021636465000001
60,60,0004974f-05e1c285,25s,0,1,0,0,2,2,0,1,4,1,0,0,0,0,01220110000,40,40.99779442014736,1.0003468886
61,61,0004974f-05e1c285,30s,0,1,0,0,2,2,0,0,4,1,1,1,0,0,01220011100,41,41.10866457769644,1.0005333955
62,62,0004974f-05e1c285,35s,0,0,0,0,2,2,0,0,5,1,0,0,0,0,00220010000,10,41.23185365395878,1.0007217864
63,63,00091078-59817bb0,5s,0,0,0,0,0,1,0,1,4,0,0,0,0,1,00010100001,42,40.89384568613557,1.0008820567
64,64,00091078-59817bb0,10s,0,0,0,0,0,1,0,1,4,0,0,0,0,1,00010100001,42,40.89384568613557,1.0008820567
65,65,00091078-59817bb0,15s,0,0,0,0,0,1,0,1,5,0,0,0,0,1,00010100001,42,40.89384568613557,1.0008820567
66,66,00091078-59817bb0,20s,0,0,0,0,0,1,0,1,4,0,0,0,0,1,00010100001,42,40.89384568613557,1.0008820567
67,67,00091078-59817bb0,25s,0,0,0,0,0,1,0,1,4,0,0,0,0,1,00010100001,42,40.89384568613557,1.0008820567
68,68,00091078-59817bb0,30s,0,0,0,0,0,1,0,0,4,0,0,0,0,0,00010000000,43,40.846917084397134,1.000384268
69,69,00091078-59817bb0,35s,0,0,0,0,0,1,0,1,5,0,0,0,0,0,00010100000,44,41.19932144097564,1.001236053
70,70,00091078-7cff8ea6,5s,0,0,0,0,0,1,0,1,4,0,0,0,0,0,00010100000,44,41.19932144097564,1.001236053
71,71,00091078-7cff8ea6,10s,0,0,0,0,0,1,1,1,4,0,0,0,0,0,00011100000,45,41.00197945258958,1.0003517715999999
72,72,00091078-7cff8ea6,15s,0,0,0,0,0,1,1,1,4,0,0,0,0,0,00011100000,45,41.00197945258958,1.0003517715999999
73,73,00091078-7cff8ea6,20s,0,0,0,0,0,1,1,1,4,0,0,0,0,0,00011100000,45,41.00197945258958,1.0003517715999999
74,74,00091078-7cff8ea6,25s,0,0,0,0,0,1,1,1,4,0,0,0,0,0,00011100000,45,41.00197945258958,1.0003517715999999
75,75,00091078-7cff8ea6,30s,0,0,0,0,0,1,1,1,5,0,0,0,0,0,00011100000,45,41.00197945258958,1.0003517715999999
76,76,00091078-7cff8ea6,35s,0,0,0,0,0,1,1,1,4,0,0,0,0,0,00011100000,45,41.00197945258958,1.0003517715999999
77,77,00091078-84635cf2,5s,0,0,0,0,1,1,0,1,4,0,0,0,0,1,00110100001,46,40.558858736017385,0.9989910818000001
78,78,00091078-84635cf2,10s,0,0,0,0,1,1,0,1,4,1,0,0,0,1,00110110001,47,40.24957858856887,0.9984529284
79,79,00091078-84635cf2,15s,0,0,0,0,1,1,0,1,4,0,0,0,0,0,00110100000,48,40.277313570585264,0.9986203040999999
80,80,00091078-84635cf2,20s,0,0,0,0,1,1,0,1,3,0,0,0,0,0,00110100000,48,40.277313570585264,0.9986203040999999
81,81,00091078-875c1f73,5s,0,0,0,0,0,1,0,1,4,0,0,0,0,0,00010100000,44,41.19932144097564,1.001236053
82,82,00091078-875c1f73,10s,0,0,0,0,0,1,0,1,4,0,0,0,0,0,00010100000,44,41.19932144097564,1.001236053
83,83,00091078-875c1f73,15s,0,0,0,0,0,1,0,1,4,0,0,0,0,0,00010100000,44,41.19932144097564,1.001236053
84,84,00091078-875c1f73,25s,0,0,0,0,0,1,0,0,4,0,0,0,0,0,00010000000,43,40.846917084397134,1.000384268
85,85,00091078-875c1f73,30s,0,0,0,0,0,1,1,0,5,0,0,0,0,0,00011000000,49,40.69565380811402,0.9999939643000001
86,86,00091078-875c1f73,35s,0,0,0,0,0,1,0,0,5,0,0,0,0,0,00010000000,43,40.846917084397134,1.000384268
87,87,00091078-c1d32eea,5s,0,0,0,0,1,1,0,0,4,0,0,0,0,0,00110000000,22,41.0929184214679,1.0015188006
88,88,00091078-c1d32eea,10s,0,0,0,0,1,1,1,0,4,1,0,0,0,0,00111010000,50,41.41089139465173,1.0025344134999998
89,89,00091078-c1d32eea,15s,0,0,1,0,1,1,2,0,4,1,0,0,0,0,01112010000,51,41.5676612619343,1.0027430168
90,90,00091078-c1d32eea,20s,0,0,1,0,1,1,2,0,4,1,0,0,0,0,01112010000,51,41.5676612619343,1.0027430168
91,91,00091078-c1d32eea,25s,0,0,1,0,1,1,1,0,5,1,0,0,0,1,01111010001,52,41.9160346054376,1.0031643373999999
92,92,00091078-c1d32eea,30s,0,0,0,0,1,1,1,0,4,0,0,0,0,1,00111000001,23,41.01782033004564,1.0008997766
93,93,00091078-c1d32eea,35s,1,0,0,0,1,1,1,0,4,0,0,0,0,1,10111000001,53,40.97144333290124,1.0008509212999999
94,94,00091078-cedbfea7,5s,0,0,0,0,0,1,0,1,4,1,0,0,0,0,00010110000,54,41.079385588939516,1.0010425195000001
95,95,00091078-cedbfea7,10s,0,0,0,0,0,1,0,1,4,0,0,0,0,0,00010100000,44,41.19932144097564,1.001236053
96,96,00091078-cedbfea7,15s,0,0,0,0,0,1,0,1,4,0,0,0,0,0,00010100000,44,41.19932144097564,1.001236053
97,97,00091078-cedbfea7,20s,0,0,0,0,0,1,0,1,4,0,0,0,0,0,00010100000,44,41.19932144097564,1.001236053
98,98,00091078-cedbfea7,25s,0,0,0,0,0,1,0,1,4,0,0,0,0,0,00010100000,44,41.19932144097564,1.001236053
99,99,00091078-cedbfea7,30s,0,0,0,0,0,1,0,1,4,0,0,0,0,0,00010100000,44,41.19932144097564,1.001236053
100,100,00091078-cedbfea7,35s,0,0,0,0,0,1,0,1,4,0,0,0,0,0,00010100000,44,41.19932144097564,1.001236053
101,101,00091078-f32de4d2,5s,0,0,0,0,1,1,1,1,4,1,0,0,1,0,00111110010,55,40.16373606606359,0.9977999964
102,102,00091078-f32de4d2,10s,0,0,0,0,1,1,1,0,4,0,0,0,1,0,00111000010,56,40.18193298048577,0.9979607768000001
103,103,00091078-f32de4d2,15s,0,0,0,0,1,1,0,1,4,1,0,0,1,0,00110110010,57,40.20215177631008,0.9981231814
104,104,00091078-f32de4d2,20s,0,0,0,0,1,1,0,0,4,0,0,0,1,1,00110000011,58,40.22461710725028,0.9982872263
105,105,00091078-f32de4d2,25s,0,0,0,0,1,1,0,0,4,1,0,0,0,0,00110010000,59,40.24957858856888,0.9984529284
106,106,00091078-f32de4d2,30s,0,0,0,0,1,1,0,1,4,0,0,0,0,0,00110100000,48,40.277313570585264,0.9986203040999999
107,107,00091078-f32de4d2,35s,0,0,0,0,1,1,0,1,5,0,0,0,0,1,00110100001,46,40.558858736017385,0.9989910818000001
108,108,000d35d3-41990aa4,5s,0,0,0,0,2,1,0,0,3,0,0,0,0,0,00210000000,60,39.8812226091207,0.9973952319
109,109,000d35d3-41990aa4,10s,0,0,0,0,2,1,0,0,3,1,0,0,0,0,00210010000,38,40.53733966788742,0.9991396126000001
110,110,000d35d3-41990aa4,15s,0,0,0,0,2,1,0,0,3,0,0,0,0,0,00210000000,60,39.8812226091207,0.9973952319
111,111,000d35d3-41990aa4,20s,0,0,0,0,2,1,0,0,3,0,0,0,0,1,00210000001,39,40.87573858844152,0.9999251824
112,112,000d35d3-41990aa4,25s,0,0,0,0,2,1,0,0,3,0,0,0,0,0,00210000000,60,39.8812226091207,0.9973952319
113,113,000d35d3-41990aa4,30s,1,0,0,0,2,1,0,0,3,0,0,0,0,1,10210000001,61,39.574739768901736,0.9968065688
114,114,000d35d3-41990aa4,35s,1,0,0,0,2,1,0,0,3,0,0,0,0,1,10210000001,61,39.574739768901736,0.9968065688
115,115,000f157f-30b30f5e,5s,0,0,0,0,2,1,0,0,3,0,0,0,0,1,00210000001,39,40.87573858844152,0.9999251824
116,116,000f157f-30b30f5e,10s,0,0,0,0,2,1,0,0,3,0,0,0,0,0,00210000000,60,39.8812226091207,0.9973952319
117,117,000f157f-30b30f5e,15s,0,0,0,0,2,1,0,0,4,0,0,0,0,0,00210000000,60,39.8812226091207,0.9973952319
118,118,000f157f-30b30f5e,20s,0,0,0,0,2,1,0,0,4,1,0,1,0,0,00210010100,62,40.68372077236408,0.9996177118
119,119,000f157f-30b30f5e,25s,0,0,0,0,2,1,1,0,4,0,0,0,0,1,00211000001,31,41.08029394715194,1.000764415
120,120,000f157f-30b30f5e,30s,0,0,0,0,2,1,1,0,5,0,0,0,0,1,00211000001,31,41.08029394715194,1.000764415
121,121,000f157f-30b30f5e,35s,1,0,0,0,2,1,1,0,4,0,0,0,0,0,10211000000,63,41.10866457769643,1.0005333955
122,122,000f157f-37797ff9,5s,0,0,0,0,2,2,0,0,4,1,0,0,0,0,00220010000,10,41.23185365395878,1.0007217864
123,123,000f157f-37797ff9,10s,0,0,0,0,2,2,0,0,4,1,0,0,0,0,00220010000,10,41.23185365395878,1.0007217864
124,124,000f157f-37797ff9,15s,0,0,0,0,2,2,1,0,4,1,0,0,0,0,00221010000,64,40.923468563111044,0.9999001218000001
125,125,000f157f-37797ff9,20s,0,0,0,0,2,2,1,0,5,1,0,0,0,0,00221010000,64,40.923468563111044,0.9999001218000001
126,126,000f157f-37797ff9,25s,1,0,0,0,2,2,0,0,5,1,0,0,0,1,10220010001,65,43.09738282631953,1.0065491225
127,127,000f157f-37797ff9,30s,1,0,0,0,2,2,0,0,5,0,0,0,0,1,10220000001,66,42.3304295956198,1.0043187518
128,128,000f157f-37797ff9,35s,1,0,0,0,2,2,0,0,5,0,0,0,0,1,10220000001,66,42.3304295956198,1.0043187518
129,129,000f157f-dab3a407,5s,0,0,0,0,0,1,0,0,4,0,0,0,1,1,00010000011,67,40.626084764694134,0.9998128518000001
130,130,000f157f-dab3a407,10s,0,0,0,0,0,1,1,0,4,0,0,0,0,0,00011000000,49,40.69565380811402,0.9999939643000001
131,131,000f157f-dab3a407,15s,0,0,0,0,0,1,1,0,4,1,0,0,0,0,00011010000,68,40.14438633547178,0.9981461212
132,132,000f157f-dab3a407,20s,0,0,0,0,0,1,1,0,4,1,0,1,1,0,00011010110,69,41.341487269912385,1.0017318235
133,133,000f157f-dab3a407,25s,0,0,0,0,0,1,1,0,4,1,0,0,1,0,00011010010,70,39.86530333598169,0.9973077422
134,134,000f157f-dab3a407,30s,0,0,0,0,0,1,0,0,4,1,0,1,1,0,00010010110,71,41.12727549181371,1.0009023722
135,135,000f157f-dab3a407,35s,0,0,0,0,0,1,0,0,4,1,0,0,0,0,00010010000,72,41.5009763064902,1.0020736824
136,136,000f8d37-d4c09a0f,5s,0,0,0,0,0,1,0,1,4,0,0,0,1,1,00010100011,73,40.61790403731793,0.9998521881
137,137,000f8d37-d4c09a0f,10s,0,0,0,0,0,1,1,1,4,0,0,0,1,1,00011100011,74,40.47927846544918,0.9991852392
138,138,000f8d37-d4c09a0f,15s,1,0,0,0,0,1,1,1,4,0,0,0,1,0,10011100010,75,40.53658673992812,0.9991293112
139,139,000f8d37-d4c09a0f,20s,0,0,0,0,0,1,2,0,5,0,0,0,0,0,00012000000,76,40.59621154842977,0.9993035192
140,140,000f8d37-d4c09a0f,25s,0,0,0,0,0,1,1,1,4,0,0,0,1,1,00011100011,74,40.47927846544918,0.9991852392
141,141,000f8d37-d4c09a0f,30s,0,0,1,0,0,1,0,0,4,0,0,1,1,0,01010000110,77,40.685995861162134,1.0000160868999999
142,142,000f8d37-d4c09a0f,35s,0,0,1,0,0,1,1,1,4,0,0,0,0,0,01011100000,78,40.76222169973524,1.0001992523999998
143,143,0010bf16-9ee17cd9,5s,0,0,0,0,0,1,0,0,4,0,0,0,0,0,00010000000,43,40.846917084397134,1.000384268
144,144,0010bf16-9ee17cd9,10s,0,0,0,0,0,1,0,0,4,0,0,0,0,0,00010000000,43,40.846917084397134,1.000384268
145,145,0010bf16-9ee17cd9,15s,0,0,0,0,0,1,0,0,4,1,0,0,1,0,00010010010,79,40.00454229738444,0.9978198373
146,146,0010bf16-9ee17cd9,20s,0,0,0,0,0,1,0,1,4,1,0,0,1,1,00010110011,80,40.43134697576956,0.9990122140000001
147,147,0010bf16-9ee17cd9,25s,0,0,0,0,0,1,1,1,4,0,0,0,1,1,00011100011,74,40.47927846544918,0.9991852392
148,148,0010bf16-9ee17cd9,30s,0,0,0,0,0,1,1,0,4,0,0,0,1,1,00011000011,81,40.356807684678074,0.9986313765000001
149,149,0010bf16-9ee17cd9,35s,0,0,0,0,0,1,1,0,4,0,0,0,0,1,00011000001,82,40.64852367012478,0.9994548885
150,150,0010bf16-a457685b,5s,0,0,0,0,0,1,0,1,4,0,0,0,1,1,00010100011,73,40.61790403731793,0.9998521881
151,151,0010bf16-a457685b,10s,0,0,0,0,0,1,0,1,4,0,0,0,0,1,00010100001,42,40.89384568613557,1.0008820567
152,152,0010bf16-a457685b,15s,0,0,0,0,0,1,0,1,4,0,0,0,0,1,00010100001,42,40.89384568613557,1.0008820567
153,153,0010bf16-a457685b,20s,0,0,0,0,0,1,0,1,4,0,0,0,0,1,00010100001,42,40.89384568613557,1.0008820567
154,154,0010bf16-a457685b,25s,0,0,0,0,0,1,0,1,4,0,0,0,0,1,00010100001,42,40.89384568613557,1.0008820567
155,155,0010bf16-a457685b,30s,0,0,0,0,0,1,0,1,4,0,0,0,0,1,00010100001,42,40.89384568613557,1.0008820567
156,156,0010bf16-a457685b,35s,0,0,0,0,0,1,0,1,4,0,0,0,0,1,00010100001,42,40.89384568613557,1.0008820567
157,157,00131ea7-624f538d,5s,0,0,0,0,0,2,1,0,4,1,0,0,0,0,00021010000,83,40.922145326810394,1.0010103571
158,158,00131ea7-624f538d,10s,0,0,1,0,0,2,2,0,4,1,0,0,1,1,01022010011,84,41.9450120023437,1.0038348435
159,159,00131ea7-624f538d,15s,0,0,1,0,0,2,1,0,4,1,0,0,0,0,01021010000,85,41.2902189336084,1.0022172508
160,160,00131ea7-624f538d,20s,0,0,1,0,0,2,2,0,4,1,0,0,1,1,01022010011,84,41.9450120023437,1.0038348435
161,161,00131ea7-624f538d,25s,1,0,0,0,0,2,1,0,5,0,0,0,1,1,10021000011,86,43.03203417660116,1.005895814
162,162,00131ea7-624f538d,30s,1,0,0,0,0,2,1,0,5,0,0,0,0,1,10021000001,87,42.257819977560644,1.0036588442
163,163,00131ea7-624f538d,35s,1,0,0,0,0,2,1,0,5,0,0,0,0,1,10021000001,87,42.257819977560644,1.0036588442
164,164,00134776-9123d227,5s,0,0,0,0,2,1,0,0,4,1,0,0,0,0,00210010000,38,40.53733966788742,0.9991396126000001
165,165,00134776-9123d227,10s,0,0,0,0,2,1,0,0,4,1,0,0,0,0,00210010000,38,40.53733966788742,0.9991396126000001
166,166,00134776-9123d227,15s,0,0,0,0,2,1,0,0,4,1,0,0,1,0,00210010010,88,40.93232178790183,1.0009652569
167,167,00134776-9123d227,20s,0,0,0,0,2,1,0,0,4,1,0,0,0,0,00210010000,38,40.53733966788742,0.9991396126000001
168,168,00134776-9123d227,25s,0,0,1,0,2,1,0,0,4,1,0,0,0,0,01210010000,89,40.052061959718266,0.9978476617
169,169,00134776-9123d227,30s,0,0,1,0,2,1,1,0,4,1,0,0,0,0,01211010000,90,41.240044887103465,1.0014652134
170,170,00134776-9123d227,35s,0,0,1,0,2,1,1,1,4,0,0,1,0,1,01211100101,91,42.481231038693785,1.0048975595
171,171,001bad4e-2fa8f3b6,5s,0,0,0,0,0,1,0,1,5,0,0,1,0,0,00010100100,92,42.75692765201877,1.0051300332
172,172,001bad4e-2fa8f3b6,10s,0,0,0,0,0,1,1,1,5,1,0,1,0,1,00011110101,93,41.95214603079059,1.0028853281999999
173,173,001bad4e-2fa8f3b6,15s,0,0,0,0,0,1,1,1,5,1,0,1,0,0,00011110100,94,41.23786792850471,1.0011102133
174,174,001bad4e-2fa8f3b6,20s,0,0,1,0,0,1,0,1,4,1,1,0,0,1,01010111001,95,40.26430172476835,0.9988249036
175,175,001bad4e-2fa8f3b6,25s,0,0,1,0,0,1,0,0,4,0,0,0,0,1,01010000001,96,40.293672612442805,0.9989960368
176,176,001bad4e-2fa8f3b6,30s,0,0,0,0,0,1,1,0,4,0,0,0,0,0,00011000000,49,40.69565380811402,0.9999939643000001
177,177,001bad4e-2fa8f3b6,35s,0,0,1,0,0,1,1,0,4,0,0,0,0,1,01011000001,97,40.83908592520305,1.0007744313
178,178,001c5339-08faca55,5s,0,0,0,0,2,1,0,0,4,1,0,0,1,0,00210010010,88,40.93232178790183,1.0009652569
179,179,001c5339-08faca55,10s,0,0,0,0,2,1,0,0,4,1,0,0,0,0,00210010000,38,40.53733966788742,0.9991396126000001
180,180,001c5339-08faca55,15s,0,0,0,0,2,1,1,0,4,1,0,0,0,0,00211010000,98,40.274428403763324,0.9984283736
181,181,001c5339-08faca55,20s,0,0,1,0,2,1,1,0,4,1,0,0,0,0,01211010000,90,41.240044887103465,1.0014652134
182,182,001c5339-08faca55,25s,0,0,0,0,2,1,1,0,4,1,0,0,0,0,00211010000,98,40.274428403763324,0.9984283736
183,183,001c5339-08faca55,30s,0,0,0,0,2,1,1,0,4,0,0,0,0,0,00211000000,99,40.20718037067814,0.9980222984999999
184,184,001c5339-08faca55,35s,0,0,0,0,2,1,1,0,4,0,0,0,0,0,00211000000,99,40.20718037067814,0.9980222984999999
185,185,001c5339-13a07470,5s,0,0,0,0,2,1,0,0,4,0,0,0,0,0,00210000000,60,39.8812226091207,0.9973952319
186,186,001c5339-13a07470,10s,0,0,0,0,2,1,1,0,4,1,0,1,0,0,00211010100,100,39.96132305829053,0.9972041964
187,187,001c5339-13a07470,15s,0,0,0,0,2,1,2,0,4,1,0,1,0,0,00212010100,101,39.95702961602538,0.9973589587
188,188,001c5339-13a07470,20s,0,0,0,0,2,1,2,1,4,1,0,0,0,0,00212110000,102,39.730136228617845,0.9963498595
189,189,001c5339-13a07470,25s,0,0,0,0,2,1,1,1,4,0,0,0,0,1,00211100001,103,39.70015533514608,0.9964959918999999
190,190,001c5339-13a07470,30s,0,0,0,0,2,1,1,1,4,0,0,0,0,0,00211100000,104,39.92216145565688,0.9973143482
191,191,001c5339-13a07470,35s,0,0,0,0,2,1,1,1,4,0,0,0,0,0,00211100000,104,39.92216145565688,0.9973143482
192,192,001c5339-9a6cdd3e,5s,0,0,0,0,2,1,0,0,5,0,0,0,1,0,00210000010,37,40.983603876918494,1.0001944589
193,193,001c5339-9a6cdd3e,10s,0,0,0,0,2,1,0,0,5,1,0,0,0,0,00210010000,38,40.53733966788742,0.9991396126000001
194,194,001c5339-9a6cdd3e,15s,0,0,0,0,2,1,0,0,5,1,0,0,1,0,00210010010,88,40.93232178790183,1.0009652569
195,195,001c5339-9a6cdd3e,20s,0,0,0,0,2,1,1,0,4,1,0,0,1,0,00211010010,105,39.89702831676685,0.9973163012
196,196,001c5339-9a6cdd3e,25s,1,0,0,0,2,1,0,0,2,1,0,0,0,0,10210010000,106,38.483602052738476,0.9940575806
197,197,001c5339-9a6cdd3e,30s,0,0,0,0,2,1,0,0,4,1,0,0,0,0,00210010000,38,40.53733966788742,0.9991396126000001
198,198,001c5339-9a6cdd3e,35s,0,0,0,0,2,1,0,0,5,1,0,0,0,0,00210010000,38,40.53733966788742,0.9991396126000001
199,199,00207869-046fa443,5s,0,0,0,0,0,1,1,0,4,0,0,0,1,0,00011000010,107,40.596254529522184,0.9995850709
200,200,00207869-046fa443,10s,0,0,0,0,0,1,2,0,4,0,0,0,0,0,00012000000,76,40.59621154842977,0.9993035192
201,201,00207869-046fa443,15s,0,0,0,0,0,1,2,0,4,1,0,0,0,0,00012010000,108,39.86697748808799,0.9973642916
202,202,00207869-046fa443,20s,0,0,0,0,0,1,2,0,4,1,0,0,0,1,00012010001,109,40.11106932609995,0.9980852372
203,203,00207869-046fa443,25s,0,0,0,0,0,1,2,0,4,0,0,0,1,1,00012000011,110,40.09176858072311,0.9979431423
204,204,00207869-046fa443,30s,0,0,0,0,0,1,2,0,4,1,0,0,1,0,00012010010,111,39.94828842619009,0.9975365395999999
205,205,00207869-046fa443,35s,0,0,0,0,0,1,2,0,4,1,0,0,1,0,00012010010,111,39.94828842619009,0.9975365395999999
206,206,00207869-902288d1,5s,0,0,0,0,0,1,1,0,4,1,0,1,0,0,00011010100,112,41.26947830800218,1.0010225605
207,207,00207869-902288d1,10s,0,0,0,0,0,1,1,0,4,1,0,1,0,1,00011010101,113,40.87801624571279,1.0001255847
208,208,00207869-902288d1,15s,0,0,0,0,0,1,1,0,4,1,0,0,0,0,00011010000,68,40.14438633547178,0.9981461212
209,209,00207869-902288d1,20s,0,1,0,0,0,1,1,0,4,0,0,0,0,0,01011000000,114,39.880276151251586,0.997209476
210,210,00207869-902288d1,25s,0,0,0,0,0,1,2,0,4,1,0,0,0,0,00012010000,108,39.86697748808799,0.9973642916
211,211,00207869-902288d1,30s,1,0,0,0,0,1,2,0,4,0,0,0,0,0,10012000000,115,40.70934127476901,0.9995661373
212,212,00207869-902288d1,35s,1,0,0,0,0,1,1,0,4,0,0,0,0,0,10011000000,116,40.78816105078124,0.9997447576999999
213,213,00211b17-ad3e206b,5s,0,0,0,0,2,1,0,0,4,0,0,0,0,1,00210000001,39,40.87573858844152,0.9999251824
214,214,00211b17-ad3e206b,10s,0,0,0,0,2,1,0,0,4,0,0,0,0,1,00210000001,39,40.87573858844152,0.9999251824
215,215,00211b17-ad3e206b,15s,0,0,1,0,2,1,0,0,4,0,0,0,0,1,01210000001,117,40.78053433640516,0.9997373468999999
216,216,00211b17-ad3e206b,20s,0,0,1,0,2,1,0,0,4,1,0,0,0,1,01210010001,118,40.867262417146506,0.9999176468000001
217,217,00211b17-ad3e206b,25s,0,0,0,0,2,1,1,0,4,1,0,0,0,1,00211010001,119,40.4771936022922,0.9989561964
218,218,00211b17-ad3e206b,30s,0,0,1,0,2,1,0,0,4,0,0,0,0,1,01210000001,117,40.78053433640516,0.9997373468999999
219,219,00211b17-ad3e206b,35s,0,0,1,0,2,1,0,0,4,1,0,0,0,1,01210010001,118,40.867262417146506,0.9999176468000001
220,220,00232de3-19eca24a,5s,0,0,0,0,2,1,1,1,4,0,0,1,0,0,00211100100,120,40.222280122591904,0.9980991153000001
221,221,00232de3-19eca24a,10s,0,0,0,0,2,1,1,1,4,1,0,1,0,0,00211110100,121,40.24698193868879,0.9982629171999999
222,222,00232de3-19eca24a,15s,0,0,0,0,2,1,1,0,4,1,0,0,0,0,00211010000,98,40.274428403763324,0.9984283736
223,223,00232de3-19eca24a,20s,0,0,0,0,2,1,0,0,4,1,0,0,0,0,00210010000,38,40.53733966788742,0.9991396126000001
224,224,00232de3-19eca24a,25s,0,0,0,0,2,1,0,0,4,0,0,0,0,1,00210000001,39,40.87573858844152,0.9999251824
225,225,00232de3-19eca24a,30s,0,0,0,0,2,1,0,0,4,0,0,0,0,1,00210000001,39,40.87573858844152,0.9999251824
226,226,00232de3-19eca24a,35s,0,0,0,0,2,1,0,0,4,0,0,0,0,0,00210000000,60,39.8812226091207,0.9973952319
227,227,002685b6-856c17f7,5s,0,0,0,0,0,0,1,0,4,0,0,0,0,0,00001000000,122,40.61748250166259,1.0001077495
228,228,002685b6-856c17f7,10s,0,0,0,0,0,0,2,0,4,1,0,0,0,0,00002010000,123,40.391190325701714,0.9989743968000001
229,229,002685b6-856c17f7,15s,0,0,0,0,0,0,2,0,4,1,0,0,0,0,00002010000,123,40.391190325701714,0.9989743968000001
230,230,002685b6-856c17f7,20s,0,0,0,0,0,0,1,0,4,1,0,0,1,0,00001010010,124,40.31685726044657,0.9986342725
231,231,002685b6-856c17f7,25s,0,0,0,0,0,0,1,0,4,1,0,0,0,0,00001010000,125,40.35206765792478,0.9988034801000001
232,232,002685b6-856c17f7,30s,0,0,0,0,0,0,2,0,4,1,0,0,0,0,00002010000,123,40.391190325701714,0.9989743968000001
233,233,002685b6-856c17f7,35s,0,0,0,0,0,0,2,0,4,1,0,0,1,0,00002010010,126,40.59592420965633,0.9998322509
234,234,002827ad-8748e2fb,5s,0,0,0,0,0,1,0,0,4,0,0,0,0,1,00010000001,127,40.66214207694306,1.0000135594
235,235,002827ad-8748e2fb,10s,0,0,0,0,0,1,0,0,4,0,0,0,0,1,00010000001,127,40.66214207694306,1.0000135594
236,236,002827ad-8748e2fb,15s,0,0,0,0,0,1,0,0,4,0,0,0,0,1,00010000001,127,40.66214207694306,1.0000135594
237,237,002827ad-8748e2fb,20s,0,0,0,0,0,1,0,0,4,0,0,0,0,1,00010000001,127,40.66214207694306,1.0000135594
238,238,002827ad-8748e2fb,25s,0,0,0,0,0,1,0,0,4,1,0,0,0,1,00010010001,128,41.40323944671397,1.0019789951
239,239,002827ad-8748e2fb,30s,0,0,0,0,0,1,0,0,4,1,0,0,0,1,00010010001,128,41.40323944671397,1.0019789951
240,240,002827ad-8748e2fb,35s,0,0,0,0,0,1,0,0,4,0,0,0,0,1,00010000001,127,40.66214207694306,1.0000135594
241,241,0028cbbf-92f30408,5s,0,0,0,0,0,2,0,0,4,0,0,1,0,1,00020000101,129,41.0946771918849,1.0019999903
242,242,0028cbbf-92f30408,10s,0,0,0,0,0,2,1,0,4,1,0,1,0,1,00021010101,130,41.71516497749252,1.0038349640000002
243,243,0028cbbf-92f30408,15s,0,0,0,0,0,2,1,0,5,1,0,1,0,1,00021010101,130,41.71516497749252,1.0038349640000002
244,244,0028cbbf-92f30408,20s,0,0,0,0,0,2,1,1,4,1,1,0,0,1,00021111001,131,40.98520577417584,1.0017988173
245,245,0028cbbf-92f30408,25s,0,0,0,0,0,2,0,0,4,0,0,1,0,1,00020000101,129,41.0946771918849,1.0019999903
246,246,0028cbbf-92f30408,30s,0,0,0,0,0,2,0,0,4,0,0,1,0,1,00020000101,129,41.0946771918849,1.0019999903
247,247,0028cbbf-92f30408,35s,0,0,0,0,0,2,0,0,4,1,0,1,0,1,00020010101,132,40.839085925203044,1.0007744313
248,248,002b485a-3f6603f2,5s,0,0,0,0,2,1,0,0,4,1,0,0,1,0,00210010010,88,40.93232178790183,1.0009652569
249,249,002b485a-3f6603f2,10s,0,0,0,0,2,1,0,0,5,1,0,1,1,0,00210010110,133,43.72750850963641,1.0131002201000001
250,250,002b485a-3f6603f2,15s,0,0,0,0,2,1,1,0,4,1,0,1,1,0,00211010110,134,44.932728603559546,1.0190749882999999
251,251,002b485a-3f6603f2,20s,0,0,0,0,2,1,1,0,5,1,0,1,1,0,00211010110,134,44.932728603559546,1.0190749882999999
252,252,002b485a-3f6603f2,25s,0,0,0,0,2,1,1,0,5,1,0,1,1,0,00211010110,134,44.932728603559546,1.0190749882999999
253,253,002b485a-3f6603f2,30s,0,0,0,0,2,1,1,1,5,1,0,0,1,0,00211110010,135,44.35475372319739,1.0152427752
254,254,002b485a-3f6603f2,35s,0,0,0,0,2,1,0,0,5,1,0,1,1,0,00210010110,133,43.72750850963641,1.0131002201000001
255,255,002b485a-d1301c7c,5s,0,0,0,0,2,2,1,0,4,1,0,1,0,0,00221010100,136,41.12840572091115,1.0027969559999999
256,256,002b485a-d1301c7c,10s,0,0,0,0,2,2,1,0,4,1,0,1,1,0,00221010110,137,41.25378619703492,1.0030081612000001
257,257,002b485a-d1301c7c,15s,0,0,0,0,2,2,1,0,4,1,0,1,0,0,00221010100,136,41.12840572091115,1.0027969559999999
258,258,002b485a-d1301c7c,20s,0,0,0,0,2,2,1,0,4,1,0,1,1,0,00221010110,137,41.25378619703492,1.0030081612000001
259,259,002b485a-d1301c7c,25s,0,0,0,0,2,2,1,0,4,1,0,0,1,1,00221010011,138,41.6577899673649,1.0036460434
260,260,002b485a-d1301c7c,30s,0,0,0,0,2,2,1,0,5,0,0,0,1,0,00221000010,139,43.06684621393428,1.0074384935
261,261,002b485a-d1301c7c,35s,0,0,0,0,2,2,1,0,5,0,0,0,1,0,00221000010,139,43.06684621393428,1.0074384935
262,262,002cd38e-c7defded,5s,1,0,0,0,0,2,0,0,4,0,0,0,0,0,10020000000,140,41.5261496022359,1.0029956188
263,263,002cd38e-c7defded,10s,0,0,0,0,0,2,0,0,4,1,0,0,0,0,00020010000,141,41.695725949834284,1.0032088808
264,264,002cd38e-c7defded,15s,0,0,0,0,0,2,0,0,4,1,0,0,0,0,00020010000,141,41.695725949834284,1.0032088808
265,265,002cd38e-c7defded,20s,0,0,0,0,0,2,1,0,4,1,0,0,0,0,00021010000,83,40.922145326810394,1.0010103571
266,266,002cd38e-c7defded,25s,0,0,0,0,0,2,1,0,4,1,0,0,0,0,00021010000,83,40.922145326810394,1.0010103571
267,267,002cd38e-c7defded,30s,0,0,0,0,0,2,1,0,4,0,0,0,0,0,00021000000,142,40.105247850983524,0.9976630822
268,268,002cd38e-c7defded,35s,0,0,0,0,0,2,1,0,4,0,0,0,0,1,00021000001,143,40.116946068342564,0.9978224797
269,269,002cd38e-ebe888e1,5s,0,0,0,0,0,1,1,0,4,0,0,1,0,0,00011000100,144,40.12994408893019,0.9979834873000001
270,270,002cd38e-ebe888e1,10s,0,0,0,0,0,1,1,0,4,1,0,0,0,0,00011010000,68,40.14438633547178,0.9981461212
271,271,002cd38e-ebe888e1,15s,0,0,0,0,0,1,1,0,4,1,0,0,0,0,00011010000,68,40.14438633547178,0.9981461212
272,272,002cd38e-ebe888e1,20s,0,0,1,0,0,1,1,1,4,1,1,0,0,1,01011111001,145,40.431346975769564,0.9990122140000001
273,273,002cd38e-ebe888e1,25s,0,0,0,0,0,1,1,1,3,0,0,0,1,1,00011100011,74,40.47927846544918,0.9991852392
274,274,002cd38e-ebe888e1,30s,0,0,0,0,0,1,1,1,3,0,0,0,0,1,00011100001,146,40.38761810075515,0.999028922
275,275,002cd38e-ebe888e1,35s,0,0,0,0,0,1,1,1,3,0,0,0,0,1,00011100001,146,40.38761810075515,0.999028922
276,276,002d290d-01969e7d,5s,0,0,0,0,0,1,0,0,4,1,0,1,0,0,00010010100,147,42.16153030800365,1.0037938823
277,277,002d290d-01969e7d,10s,0,0,0,0,0,1,0,0,5,1,0,1,0,0,00010010100,147,42.16153030800365,1.0037938823
278,278,002d290d-01969e7d,15s,0,0,0,0,0,1,1,0,5,1,0,1,0,0,00011010100,112,41.26947830800218,1.0010225605
279,279,002d290d-01969e7d,20s,0,0,0,0,0,1,0,1,4,1,1,0,0,0,00010111000,148,40.004084467237554,0.9976604662
280,280,002d290d-01969e7d,25s,0,0,0,0,0,1,0,0,4,1,0,0,1,0,00010010010,79,40.00454229738444,0.9978198373
281,281,002d290d-01969e7d,30s,0,0,0,0,0,1,1,0,4,1,0,0,0,0,00011010000,68,40.14438633547178,0.9981461212
282,282,002d290d-01969e7d,35s,0,0,0,0,0,1,1,0,5,1,0,1,0,0,00011010100,112,41.26947830800218,1.0010225605
283,283,002d290d-89d1aea8,5s,0,0,0,0,0,1,0,0,4,1,0,1,1,0,00010010110,71,41.12727549181371,1.0009023722
284,284,002d290d-89d1aea8,10s,0,0,1,0,0,1,0,0,5,1,0,0,1,0,01010010010,149,41.00408446723754,1.0001151978
285,285,002d290d-89d1aea8,15s,0,0,0,0,0,1,0,0,4,1,0,0,1,0,00010010010,79,40.00454229738444,0.9978198373
286,286,002d290d-89d1aea8,20s,0,0,0,0,0,1,0,0,5,1,0,0,0,0,00010010000,72,41.5009763064902,1.0020736824
287,287,002d290d-89d1aea8,25s,1,0,0,0,0,1,0,0,5,1,0,0,1,0,10010010010,150,42.662748326642436,1.0056063224
288,288,002d290d-89d1aea8,30s,1,0,0,0,0,1,0,0,4,0,0,0,0,0,10010000000,151,41.847500233088724,1.0033663782
289,289,002d290d-89d1aea8,35s,1,0,0,0,0,1,0,0,4,0,0,0,0,0,10010000000,151,41.847500233088724,1.0033663782
290,290,002d290d-89f4e5c0,5s,0,0,0,0,0,2,0,0,5,1,0,0,0,0,00020010000,141,41.695725949834284,1.0032088808
291,291,002d290d-89f4e5c0,10s,0,0,0,0,0,2,0,0,5,1,0,0,0,0,00020010000,141,41.695725949834284,1.0032088808
292,292,002d290d-89f4e5c0,15s,0,0,0,0,0,2,0,0,5,1,0,0,0,0,00020010000,141,41.695725949834284,1.0032088808
293,293,002d290d-89f4e5c0,20s,0,0,0,0,0,2,0,1,5,1,1,0,0,0,00020111000,152,42.19045058772821,1.0040884986
294,294,002d290d-89f4e5c0,25s,0,0,0,0,0,2,0,0,5,1,0,0,1,0,00020010010,153,41.322727007525856,1.0018332729000001
295,295,002d290d-89f4e5c0,30s,0,0,0,0,0,2,1,0,5,1,0,1,0,0,00021010100,154,42.36111893862143,1.0048395602
296,296,002d290d-89f4e5c0,35s,0,0,0,0,0,2,1,0,5,1,0,1,1,0,00021010110,155,42.94537348266593,1.0060295017
297,297,002d290d-90f2bab2,5s,0,0,0,0,0,1,0,0,5,1,0,1,0,0,00010010100,147,42.16153030800365,1.0037938823
298,298,002d290d-90f2bab2,10s,0,0,0,0,0,1,0,0,5,1,0,0,0,0,00010010000,72,41.5009763064902,1.0020736824
299,299,002d290d-90f2bab2,15s,0,0,0,0,0,1,1,0,5,1,0,0,0,0,00011010000,68,40.14438633547178,0.9981461212
300,300,002d290d-90f2bab2,20s,0,0,0,0,0,1,0,0,4,1,0,0,0,0,00010010000,72,41.5009763064902,1.0020736824
301,301,002d290d-90f2bab2,25s,1,0,0,0,0,1,0,0,5,1,0,0,1,0,10010010010,150,42.662748326642436,1.0056063224
302,302,002d290d-90f2bab2,30s,1,0,0,0,0,1,0,0,5,0,0,0,0,0,10010000000,151,41.847500233088724,1.0033663782
303,303,002d290d-90f2bab2,35s,1,0,0,0,0,1,0,0,5,0,0,0,0,0,10010000000,151,41.847500233088724,1.0033663782
304,304,002d290d-f9108a13,5s,0,0,0,0,0,1,0,1,5,0,0,0,1,0,00010100010,156,40.598167658549244,0.9994325491
305,305,002d290d-f9108a13,10s,0,0,0,0,0,1,0,1,5,0,0,0,0,0,00010100000,44,41.19932144097564,1.001236053
306,306,002d290d-f9108a13,15s,0,0,0,0,0,1,0,0,5,1,0,1,0,0,00010010100,147,42.16153030800365,1.0037938823
307,307,002d290d-f9108a13,20s,0,0,0,0,0,1,1,0,4,1,0,1,1,0,00011010110,69,41.341487269912385,1.0017318235
308,308,002d290d-f9108a13,25s,0,0,0,0,0,1,2,1,5,1,0,1,0,0,00012110100,157,43.11578363509996,1.0065567972
309,309,002d290d-f9108a13,30s,0,0,0,0,0,1,1,1,5,1,1,0,0,0,00011111000,158,42.3508749407537,1.004326504
310,310,002d290d-f9108a13,35s,0,0,0,0,0,1,0,0,5,1,0,0,0,0,00010010000,72,41.5009763064902,1.0020736824
311,311,002d290d-fa2a8964,5s,0,0,0,0,0,2,1,1,5,1,0,0,0,0,00021110000,159,43.00604210227779,1.0076359643000001
312,312,002d290d-fa2a8964,10s,0,0,0,0,0,2,0,1,5,1,0,0,0,0,00020110000,160,42.228939892091105,1.0054165719
313,313,002d290d-fa2a8964,15s,0,0,0,0,0,2,0,0,5,1,0,1,1,0,00020010110,161,43.01216573005912,1.0080098683
314,314,002d290d-fa2a8964,20s,0,0,0,0,0,2,0,1,4,1,0,0,1,0,00020110010,162,42.23574392363966,1.0057942528000001
315,315,002d290d-fa2a8964,25s,0,0,0,0,0,2,0,0,4,1,0,1,0,0,00020010100,163,42.484164163571165,1.0060357841
316,316,002d290d-fa2a8964,30s,0,0,0,0,0,2,0,0,5,1,0,1,0,0,00020010100,163,42.484164163571165,1.0060357841
317,317,002d290d-fa2a8964,35s,0,0,0,0,0,2,0,0,5,1,0,1,0,0,00020010100,163,42.484164163571165,1.0060357841
318,318,002e6895-442e6bc1,5s,0,0,0,0,0,0,0,0,4,1,0,0,0,0,00000010000,164,41.09000086448347,1.0018084423
319,319,002e6895-442e6bc1,10s,0,0,0,0,0,0,1,0,4,0,0,0,0,0,00001000000,122,40.61748250166259,1.0001077495
320,320,002e6895-442e6bc1,15s,0,0,0,0,0,0,0,0,4,0,0,0,1,0,00000000010,165,40.98099707993542,1.0016091848
321,321,002e6895-442e6bc1,20s,0,0,0,0,0,0,0,0,4,1,0,0,0,0,00000010000,164,41.09000086448347,1.0018084423
322,322,002e6895-442e6bc1,25s,0,0,0,0,0,0,0,0,5,0,0,0,0,0,00000000000,166,43.552426372333294,1.00860792
323,323,002e6895-442e6bc1,30s,0,0,0,0,0,0,0,0,5,0,0,0,0,0,00000000000,166,43.552426372333294,1.00860792
324,324,002e6895-442e6bc1,35s,0,0,0,0,0,0,0,0,5,0,0,0,0,0,00000000000,166,43.552426372333294,1.00860792
325,325,002f8552-0cdd55c6,5s,0,0,0,0,0,1,0,0,5,1,0,0,0,1,00010010001,128,41.40323944671397,1.0019789951
326,326,002f8552-0cdd55c6,10s,0,0,0,0,0,1,0,0,5,1,0,0,0,0,00010010000,72,41.5009763064902,1.0020736824
327,327,002f8552-0cdd55c6,15s,0,0,0,0,0,1,1,1,5,1,0,1,0,1,00011110101,93,41.95214603079059,1.0028853281999999
328,328,002f8552-0cdd55c6,20s,0,0,0,0,0,1,1,0,5,1,0,1,0,1,00011010101,113,40.87801624571279,1.0001255847
329,329,0030f434-3eb4a3a9,5s,0,0,0,0,0,1,1,0,5,0,0,0,0,0,00011000000,49,40.69565380811402,0.9999939643000001
330,330,0030f434-3eb4a3a9,10s,0,0,0,0,0,1,1,0,5,0,0,0,0,1,00011000001,82,40.64852367012478,0.9994548885
331,331,0030f434-3eb4a3a9,15s,0,0,0,0,0,1,1,1,5,0,0,0,1,1,00011100011,74,40.47927846544918,0.9991852392
332,332,0030f434-3eb4a3a9,25s,0,0,0,0,0,1,1,0,5,0,0,0,0,0,00011000000,49,40.69565380811402,0.9999939643000001
333,333,0030f434-3eb4a3a9,30s,0,0,1,0,0,1,1,0,5,1,0,0,0,0,01011010000,167,41.742796327814986,1.0025710502
334,334,0030f434-3eb4a3a9,35s,0,0,1,0,0,1,1,0,5,0,0,0,1,0,01011000010,168,41.6937065588437,1.0022571601999999
335,335,00313a01-62156032,5s,0,0,0,0,2,1,0,0,5,1,0,0,0,1,00210010001,28,40.77078914246041,0.9999834359
336,336,00313a01-62156032,10s,0,0,0,0,2,1,1,0,4,1,0,0,0,1,00211010001,119,40.4771936022922,0.9989561964
337,337,00313a01-62156032,15s,0,0,0,0,2,1,1,0,4,1,0,0,0,1,00211010001,119,40.4771936022922,0.9989561964
338,338,00313a01-62156032,20s,0,0,0,0,2,1,1,0,4,0,0,0,0,0,00211000000,99,40.20718037067814,0.9980222984999999
339,339,00313a01-62156032,25s,1,0,0,0,2,1,2,0,3,0,0,0,0,1,10212000001,169,38.92994171709702,0.9947053006000001
340,340,00313a01-62156032,30s,0,0,0,0,2,1,1,1,3,0,0,0,0,0,00211100000,104,39.92216145565688,0.9973143482
341,341,00313a01-62156032,35s,0,0,0,0,2,1,1,1,4,1,0,0,0,1,00211110001,170,40.788161050781255,0.9997447576999999
342,342,00313a01-725ddf3a,5s,0,0,0,0,2,1,0,0,5,0,0,0,0,1,00210000001,39,40.87573858844152,0.9999251824
343,343,00313a01-725ddf3a,10s,1,0,0,0,2,1,0,0,5,0,0,0,0,0,10210000000,171,41.48360205273846,1.0014217751999999
344,344,00313a01-725ddf3a,15s,0,0,0,0,2,1,0,0,4,1,0,0,0,0,00210010000,38,40.53733966788742,0.9991396126000001
345,345,00313a01-725ddf3a,20s,0,0,0,0,2,1,0,0,5,1,0,0,0,0,00210010000,38,40.53733966788742,0.9991396126000001
346,346,00313a01-725ddf3a,25s,0,0,0,0,2,1,0,0,4,1,0,0,1,0,00210010010,88,40.93232178790183,1.0009652569
347,347,00313a01-725ddf3a,30s,0,0,1,0,2,1,0,0,5,1,0,0,0,1,01210010001,118,40.867262417146506,0.9999176468000001
348,348,00313a01-725ddf3a,35s,0,0,0,0,2,1,1,0,5,0,0,0,0,1,00211000001,31,41.08029394715194,1.000764415
349,349,00313a01-97de1f42,5s,0,0,0,0,2,2,0,0,4,0,0,0,0,1,00220000001,172,40.80133456078273,1.0005128886
350,350,00313a01-97de1f42,10s,0,0,0,0,2,2,0,0,4,0,0,0,0,0,00220000000,12,40.10237475178953,0.9978227379000001
351,351,00313a01-97de1f42,15s,0,0,0,0,2,2,1,0,4,1,0,0,0,0,00221010000,64,40.923468563111044,0.9999001218000001
352,352,00313a01-97de1f42,20s,0,0,0,0,2,2,1,0,4,1,0,0,0,0,00221010000,64,40.923468563111044,0.9999001218000001
353,353,00313a01-97de1f42,25s,0,0,0,0,2,2,1,0,4,1,0,0,0,0,00221010000,64,40.923468563111044,0.9999001218000001
354,354,00313a01-97de1f42,30s,0,0,0,0,2,2,1,0,4,1,0,0,0,1,00221010001,11,39.96162766862388,0.9974643264
355,355,00313a01-97de1f42,35s,0,0,0,0,2,2,1,0,4,1,0,0,0,0,00221010000,64,40.923468563111044,0.9999001218000001
356,356,00322f82-286ab9b3,5s,0,1,0,0,2,1,0,0,4,1,0,0,0,0,01210010000,89,40.052061959718266,0.9978476617
357,357,00322f82-286ab9b3,10s,0,1,0,0,2,1,0,0,4,1,0,0,0,0,01210010000,89,40.052061959718266,0.9978476617
358,358,00322f82-286ab9b3,15s,0,0,0,0,2,1,0,0,4,0,0,0,0,0,00210000000,60,39.8812226091207,0.9973952319
359,359,00322f82-286ab9b3,20s,0,0,0,0,2,1,0,0,4,1,0,0,0,0,00210010000,38,40.53733966788742,0.9991396126000001
360,360,00322f82-286ab9b3,25s,0,0,0,0,2,1,0,0,4,0,0,0,0,1,00210000001,39,40.87573858844152,0.9999251824
361,361,00322f82-286ab9b3,30s,0,0,0,0,2,1,0,0,5,0,0,0,0,1,00210000001,39,40.87573858844152,0.9999251824
362,362,00322f82-286ab9b3,35s,0,0,0,0,2,1,0,0,4,0,0,0,0,1,00210000001,39,40.87573858844152,0.9999251824
363,363,0032419c-7d20b300,5s,0,0,0,0,2,2,0,1,5,1,0,0,0,0,00220110000,173,42.10866457769643,1.0029881270999998
364,364,0032419c-7d20b300,10s,0,0,0,0,2,2,0,0,5,1,0,0,0,0,00220010000,10,41.23185365395878,1.0007217864
365,365,0032419c-7d20b300,15s,0,0,0,0,2,2,0,0,5,1,0,0,0,0,00220010000,10,41.23185365395878,1.0007217864
366,366,0032419c-7d20b300,20s,0,0,0,0,2,2,0,1,5,1,0,1,0,0,00220110100,174,41.211057465849976,0.9991359241
367,367,0032419c-7d20b300,25s,0,0,0,0,2,2,0,1,5,1,0,1,0,1,00220110101,175,40.23451231883969,0.9968306718000001
368,368,0032419c-7d20b300,30s,0,0,0,0,2,2,0,0,5,1,0,1,0,0,00220010100,176,41.211057465849976,0.9991359241
369,369,0032419c-7d20b300,35s,0,0,0,0,2,2,0,1,5,1,0,1,0,1,00220110101,175,40.23451231883969,0.9968306718000001
370,370,0033b19f-7f07efac,5s,0,0,0,0,0,1,1,0,3,1,0,0,0,0,00011010000,68,40.14438633547178,0.9981461212
371,371,0033b19f-7f07efac,10s,0,0,1,0,0,1,2,0,4,1,0,1,0,0,01012010100,177,39.808292145236,0.9970179129000001
372,372,0033b19f-7f07efac,15s,0,0,1,0,0,1,2,0,4,1,0,0,0,0,01012010000,178,39.78699525118358,0.9971707934
373,373,0033b19f-7f07efac,20s,0,0,1,0,0,1,1,0,4,1,0,0,0,0,01011010000,167,41.742796327814986,1.0025710502
374,374,0033b19f-7f07efac,25s,0,0,0,0,0,1,0,0,5,1,0,0,1,1,00010010011,179,41.06806719661138,1.0008232598
375,375,0033b19f-7f07efac,30s,0,0,0,0,0,1,0,0,5,1,0,0,0,0,00010010000,72,41.5009763064902,1.0020736824
376,376,0033b19f-7f07efac,35s,0,0,0,0,0,1,0,0,5,1,0,0,0,0,00010010000,72,41.5009763064902,1.0020736824
377,377,0034a363-24f318c4,5s,0,0,0,0,2,1,1,1,4,0,0,0,1,1,00211100011,180,40.18645871496445,0.9978609028000001
378,378,0034a363-24f318c4,10s,0,0,0,0,2,1,1,0,5,0,0,0,0,0,00211000000,99,40.20718037067814,0.9980222984999999
379,379,0034a363-24f318c4,15s,0,0,0,0,2,1,1,0,4,0,0,0,0,1,00211000001,31,41.08029394715194,1.000764415
380,380,0034a363-24f318c4,20s,0,0,0,0,2,1,1,1,4,0,1,0,1,0,00211101010,181,40.45311078005171,0.9989206821
381,381,0034a363-24f318c4,25s,0,0,0,0,2,1,0,1,4,0,0,0,0,1,00210100001,182,40.50346047262532,0.9990927826999999
382,382,0034a363-24f318c4,30s,1,0,0,0,2,1,0,1,4,0,0,0,0,1,10210100001,183,40.5594045810793,0.9992666218
383,383,0034a363-24f318c4,35s,1,0,0,0,2,1,0,1,4,0,0,0,0,1,10210100001,183,40.5594045810793,0.9992666218
384,384,0035afff-3295dbd6,5s,0,0,0,0,2,1,0,0,4,1,0,1,0,0,00210010100,62,40.68372077236408,0.9996177118
385,385,0035afff-3295dbd6,10s,0,0,0,0,2,1,0,0,4,1,0,1,0,0,00210010100,62,40.68372077236408,0.9996177118
386,386,0035afff-3295dbd6,15s,0,0,0,1,2,1,0,0,4,1,0,1,0,0,01210010100,184,40.515058597666545,0.9990082329000001
387,387,0035afff-3295dbd6,20s,0,0,0,1,2,1,0,1,4,1,1,0,0,0,01210111000,185,40.57229138796934,0.9991812178
388,388,0035afff-3295dbd6,25s,0,1,0,0,2,1,0,0,4,0,0,0,0,0,01210000000,186,40.635883383553875,0.9993559502
389,389,0035afff-3295dbd6,30s,0,0,0,0,2,1,0,0,4,1,0,0,0,0,00210010000,38,40.53733966788742,0.9991396126000001
390,390,0035afff-3295dbd6,35s,0,0,0,0,2,1,0,0,4,1,0,0,0,1,00210010001,28,40.77078914246041,0.9999834359
391,391,0035afff-434368a1,5s,0,0,0,0,2,1,0,0,4,1,0,0,0,0,00210010000,38,40.53733966788742,0.9991396126000001
392,392,0035afff-434368a1,10s,0,0,0,1,2,1,1,0,4,1,0,0,0,1,01211010001,187,39.90732189435798,0.9971619656
393,393,0035afff-434368a1,15s,0,0,0,0,2,1,1,0,4,1,0,0,1,0,00211010010,105,39.89702831676685,0.9973163012
394,394,0035afff-434368a1,20s,0,0,0,0,2,1,1,0,4,1,0,0,0,0,00211010000,98,40.274428403763324,0.9984283736
395,395,0035afff-434368a1,25s,0,0,0,0,2,1,1,0,4,1,0,0,0,0,00211010000,98,40.274428403763324,0.9984283736
396,396,0035afff-434368a1,30s,0,0,0,0,2,1,1,0,4,1,0,0,0,0,00211010000,98,40.274428403763324,0.9984283736
397,397,0035afff-434368a1,35s,1,0,0,0,2,1,0,0,4,0,0,0,0,1,10210000001,61,39.574739768901736,0.9968065688
398,398,0035afff-47378fa3,5s,0,0,0,0,2,0,1,0,4,1,0,0,0,0,00201010000,188,40.354213788040994,0.9990990467
399,399,0035afff-47378fa3,10s,0,0,0,0,2,0,2,0,4,0,0,0,0,0,00202000000,189,42.72330670805461,1.0053152314
400,400,0035afff-47378fa3,15s,0,0,0,0,2,0,2,0,5,1,0,0,0,0,00202010000,190,43.45097219215194,1.0075356372
401,401,0035afff-47378fa3,20s,0,0,0,0,2,0,2,0,5,0,0,0,0,0,00202000000,189,42.72330670805461,1.0053152314
402,402,0035afff-47378fa3,25s,0,0,0,0,2,0,1,0,5,0,0,0,0,1,00201000001,191,42.058637686960594,1.0027783328
403,403,0035afff-47378fa3,30s,0,0,0,0,2,0,1,0,5,0,0,0,0,1,00201000001,191,42.058637686960594,1.0027783328
404,404,0035afff-47378fa3,35s,0,0,0,0,2,0,1,0,5,0,0,0,0,1,00201000001,191,42.058637686960594,1.0027783328
405,405,0035afff-572b2d4e,5s,0,0,0,0,2,1,0,1,3,0,0,0,0,0,00210100000,192,39.41152103357386,0.9959727531
406,406,0035afff-572b2d4e,10s,0,0,0,0,2,1,0,0,4,0,0,0,0,0,00210000000,60,39.8812226091207,0.9973952319
407,407,0035afff-572b2d4e,15s,0,0,0,0,2,1,1,1,4,0,0,0,0,0,00211100000,104,39.92216145565688,0.9973143482
408,408,0035afff-572b2d4e,20s,0,0,0,0,2,1,1,1,3,0,1,0,0,0,00211101000,193,38.730136228617845,0.9938951279000001
409,409,0035afff-572b2d4e,25s,0,0,0,0,2,1,1,1,4,0,0,0,0,1,00211100001,103,39.70015533514608,0.9964959918999999
410,410,0035afff-572b2d4e,30s,0,0,0,0,2,1,0,1,4,0,0,0,0,0,00210100000,192,39.41152103357386,0.9959727531
411,411,0035afff-572b2d4e,35s,0,0,0,0,2,1,1,1,4,0,0,0,0,0,00211100000,104,39.92216145565688,0.9973143482
412,412,0035afff-bd191d6a,5s,1,0,0,0,2,0,1,0,4,0,0,0,0,1,10201000001,194,40.286906270931595,0.9987564419
413,413,0035afff-bd191d6a,10s,0,0,0,0,2,0,1,0,4,0,0,0,1,0,00201000010,195,40.31878877735803,0.9989268834999999
414,414,0035afff-bd191d6a,15s,0,0,0,0,2,0,1,0,5,1,0,0,0,0,00201010000,188,40.354213788040994,0.9990990467
415,415,0035afff-bd191d6a,20s,0,0,0,0,2,0,1,0,5,1,0,0,0,0,00201010000,188,40.354213788040994,0.9990990467
416,416,0035afff-bd191d6a,25s,0,0,0,0,2,0,1,0,5,1,0,0,0,1,00201010001,196,43.45097219215192,1.0075356372
417,417,0035afff-bd191d6a,30s,0,0,0,0,2,0,2,0,5,0,0,0,0,0,00202000000,189,42.72330670805461,1.0053152314
418,418,0035afff-bd191d6a,35s,0,0,0,0,2,0,2,0,5,0,0,0,0,0,00202000000,189,42.72330670805461,1.0053152314
419,419,00378858-c5f802ac,5s,0,0,0,0,2,1,0,0,4,1,0,0,0,0,00210010000,38,40.53733966788742,0.9991396126000001
420,420,00378858-c5f802ac,10s,0,0,0,0,2,1,1,0,4,1,0,0,0,0,00211010000,98,40.274428403763324,0.9984283736
421,421,00378858-c5f802ac,15s,0,0,0,0,2,1,0,0,4,1,0,0,0,1,00210010001,28,40.77078914246041,0.9999834359
422,422,00378858-c5f802ac,20s,0,0,1,0,2,1,0,0,4,1,0,0,1,0,01210010010,197,40.83908592520304,1.0007744313
423,423,00378858-c5f802ac,25s,0,0,0,0,2,1,0,0,4,1,0,0,1,0,00210010010,88,40.93232178790183,1.0009652569
424,424,00378858-c5f802ac,30s,0,0,0,0,2,1,0,0,4,1,0,0,0,0,00210010000,38,40.53733966788742,0.9991396126000001
425,425,00378858-c5f802ac,35s,0,0,0,0,2,1,0,0,4,1,0,0,0,0,00210010000,38,40.53733966788742,0.9991396126000001
426,426,00390995-49d9a01e,5s,0,0,0,0,0,1,1,0,4,0,0,0,0,1,00011000001,82,40.64852367012478,0.9994548885
427,427,00390995-49d9a01e,10s,0,0,0,0,0,1,2,0,4,0,0,0,1,0,00012000010,198,39.953455988225485,0.9973800015000001
428,428,00390995-49d9a01e,15s,0,0,0,0,0,1,2,0,4,1,0,0,1,0,00012010010,111,39.94828842619009,0.9975365395999999
429,429,00390995-49d9a01e,20s,0,0,0,0,0,1,2,0,4,0,0,0,0,1,00012000001,199,40.185799529879496,0.9980403577
430,430,00390995-49d9a01e,25s,0,0,0,0,0,1,2,0,4,0,0,0,1,1,00012000011,110,40.09176858072311,0.9979431423
431,431,00390995-49d9a01e,30s,0,0,0,0,0,1,1,0,3,1,0,0,0,1,00011010001,200,39.76139930465364,0.9974758477
432,432,00390995-49d9a01e,35s,0,0,0,0,0,1,1,0,4,0,0,0,0,0,00011000000,49,40.69565380811402,0.9999939643000001
433,433,003c4a61-52588960,5s,0,0,0,0,2,2,1,0,4,1,0,1,1,1,00221010111,201,41.20851876765231,1.0029996497
434,434,003c4a61-52588960,10s,0,0,0,0,2,2,1,0,4,0,0,1,0,1,00221000101,202,41.34280276500465,1.0032129524
435,435,003c4a61-52588960,15s,0,0,0,0,2,2,1,0,4,0,0,1,1,1,00221000111,203,41.4920072214277,1.0034284097
436,436,003c4a61-52588960,20s,0,0,0,0,2,2,1,0,4,1,0,0,1,1,00221010011,138,41.6577899673649,1.0036460434
437,437,003c4a61-52588960,25s,0,0,0,0,2,2,1,0,4,1,0,0,1,1,00221010011,138,41.6577899673649,1.0036460434
438,438,003c4a61-52588960,30s,0,0,0,0,2,2,0,0,4,0,0,0,0,1,00220000001,172,40.80133456078273,1.0005128886
439,439,003c4a61-52588960,35s,0,0,0,0,2,2,0,0,4,0,0,0,0,1,00220000001,172,40.80133456078273,1.0005128886
440,440,003e23ee-07d32feb,5s,0,0,0,0,0,2,0,1,4,0,0,0,0,0,00020100000,204,41.54911713558056,1.003934967
441,441,003e23ee-07d32feb,10s,0,0,0,0,0,2,1,1,4,1,0,0,1,0,00021110010,205,41.7212454338803,1.0041577175
442,442,003e23ee-07d32feb,15s,0,0,0,0,0,2,0,1,4,0,0,0,1,1,00020100011,206,41.912499117783156,1.004382718
443,443,003e23ee-07d32feb,20s,0,0,0,0,0,2,0,0,4,0,0,0,1,0,00020000010,207,42.12500323225896,1.0046099913
444,444,003e23ee-07d32feb,25s,0,0,0,0,0,2,1,0,4,1,0,1,0,0,00021010100,154,42.36111893862143,1.0048395602
445,445,003e23ee-07d32feb,30s,0,0,0,0,0,2,1,0,4,0,0,0,1,1,00021000011,208,41.190450587728215,1.0016337671
446,446,003e23ee-07d32feb,35s,0,0,0,0,0,2,0,0,4,1,0,0,1,0,00020010010,153,41.322727007525856,1.0018332729000001
447,447,004071a4-049b7b85,5s,0,0,0,0,2,1,0,0,4,1,0,0,1,0,00210010010,88,40.93232178790183,1.0009652569
448,448,004071a4-049b7b85,10s,0,0,0,0,2,1,0,0,4,1,0,0,1,0,00210010010,88,40.93232178790183,1.0009652569
449,449,004071a4-049b7b85,15s,0,0,0,0,2,1,2,0,4,0,0,0,0,1,00212000001,209,40.14005772482701,0.9980655894
450,450,004071a4-049b7b85,20s,0,0,0,0,2,1,2,0,4,1,0,1,0,0,00212010100,101,39.95702961602538,0.9973589587
451,451,004071a4-049b7b85,25s,0,0,0,0,2,1,2,1,4,0,0,0,1,0,00212100010,210,40.17437802444183,0.9986806090000001
452,452,004071a4-049b7b85,30s,0,0,0,0,2,1,2,0,4,0,0,0,0,0,00212000000,211,40.193757379866256,0.9988502847
453,453,004071a4-049b7b85,35s,1,0,0,0,2,1,1,0,4,0,0,0,0,1,10211000001,212,40.21528999915777,0.9990216742
454,454,004071a4-ef4bf541,5s,1,0,0,0,0,1,0,0,4,0,0,0,1,0,10010000010,213,40.54374066235435,0.9995520804000001
455,455,004071a4-ef4bf541,10s,1,0,0,0,0,1,0,0,4,0,0,0,1,0,10010000010,213,40.54374066235435,0.9995520804000001
456,456,004071a4-ef4bf541,15s,0,0,0,0,0,1,0,0,3,1,0,0,0,0,00010010000,72,41.5009763064902,1.0020736824
457,457,004071a4-ef4bf541,20s,0,0,0,0,0,1,1,0,4,1,0,0,1,0,00011010010,70,39.86530333598169,0.9973077422
458,458,004071a4-ef4bf541,25s,0,0,0,0,0,1,2,1,4,1,0,1,1,1,00012110111,214,40.31396375881856,0.9986877126
459,459,004071a4-ef4bf541,30s,1,0,0,0,0,1,1,1,4,0,0,0,0,1,10011100001,215,40.34885265579436,0.99885746
460,460,004071a4-ef4bf541,35s,0,0,0,0,0,1,1,1,4,0,0,0,0,1,00011100001,146,40.38761810075515,0.999028922
461,461,00417c23-220bbc98,5s,0,0,0,0,1,2,0,0,4,0,0,0,0,0,00120000000,0,40.79957049703276,0.9993593426999999
462,462,00417c23-220bbc98,10s,0,0,0,0,1,2,1,0,4,1,0,0,0,0,00121010000,3,40.54608061229335,0.9987354745999999
463,463,00417c23-220bbc98,15s,0,0,0,0,1,2,1,1,4,1,0,1,0,0,00121110100,216,39.507278961488126,0.9958879715000001
464,464,00417c23-220bbc98,20s,0,0,0,0,1,2,1,1,4,1,1,0,0,0,00121111000,217,39.45253612468447,0.9960294383
465,465,00417c23-220bbc98,25s,0,0,0,0,1,2,0,0,3,1,0,0,1,0,00120010010,218,39.391710744375644,0.9961723342000001
466,466,00417c23-220bbc98,30s,0,0,0,0,1,2,0,0,4,1,0,1,0,0,00120010100,219,40.435238203940806,0.9987962005
467,467,00417c23-220bbc98,35s,0,0,0,0,1,2,1,0,4,1,0,1,0,0,00121010100,220,40.48360205273846,0.9989670437
468,468,00423717-0ef3c8dc,5s,0,0,0,0,2,1,0,0,5,1,0,0,0,0,00210010000,38,40.53733966788742,0.9991396126000001
469,469,00423717-0ef3c8dc,10s,0,0,0,0,2,1,0,0,4,1,0,0,0,0,00210010000,38,40.53733966788742,0.9991396126000001
470,470,00423717-0ef3c8dc,15s,0,0,0,0,2,1,0,0,5,1,0,0,0,0,00210010000,38,40.53733966788742,0.9991396126000001
471,471,00423717-0ef3c8dc,20s,0,0,0,0,2,1,0,0,5,1,0,0,0,0,00210010000,38,40.53733966788742,0.9991396126000001
472,472,00423717-0ef3c8dc,25s,0,0,0,0,2,1,0,0,5,0,0,0,0,1,00210000001,39,40.87573858844152,0.9999251824
473,473,00423717-0ef3c8dc,30s,0,0,0,0,2,1,0,0,5,0,0,0,0,1,00210000001,39,40.87573858844152,0.9999251824
474,474,00423717-0ef3c8dc,35s,0,0,0,0,2,1,0,0,5,0,0,0,0,1,00210000001,39,40.87573858844152,0.9999251824
475,475,00423717-eba4da41,5s,0,0,0,0,2,1,1,0,3,1,0,0,0,0,00211010000,98,40.274428403763324,0.9984283736
476,476,00423717-eba4da41,10s,0,0,0,0,2,1,0,0,3,1,0,0,1,1,00210010011,221,39.695463783321244,0.9968371883
477,477,00423717-eba4da41,15s,0,0,0,0,2,1,1,0,4,1,0,0,1,0,00211010010,105,39.89702831676685,0.9973163012
478,478,00423717-eba4da41,20s,0,0,0,0,2,1,0,0,3,1,0,0,0,0,00210010000,38,40.53733966788742,0.9991396126000001
479,479,00423717-eba4da41,25s,0,0,0,0,2,1,0,0,3,0,0,0,1,1,00210000011,222,40.28816289018923,0.9985174414
480,480,00423717-eba4da41,30s,0,0,0,0,2,1,0,0,4,0,0,0,0,1,00210000001,39,40.87573858844152,0.9999251824
481,481,00423717-eba4da41,35s,0,0,0,0,2,1,0,0,3,0,0,0,0,1,00210000001,39,40.87573858844152,0.9999251824
482,482,00423ac5-1fa7ff43,5s,0,0,0,0,2,1,0,0,4,1,0,0,0,0,00210010000,38,40.53733966788742,0.9991396126000001
483,483,00423ac5-1fa7ff43,10s,0,0,0,0,2,1,0,0,4,1,0,0,0,0,00210010000,38,40.53733966788742,0.9991396126000001
484,484,00423ac5-1fa7ff43,15s,0,0,0,0,2,1,0,0,4,1,0,0,0,0,00210010000,38,40.53733966788742,0.9991396126000001
485,485,00423ac5-1fa7ff43,20s,0,0,0,0,2,1,0,1,3,1,1,0,0,1,00210111001,223,39.779857100316846,0.9972740546
486,486,00423ac5-1fa7ff43,25s,0,0,0,0,2,1,0,0,3,0,0,1,0,0,00210000100,224,39.851119556005564,0.9973550362000001
487,487,00423ac5-1fa7ff43,30s,0,0,0,1,2,1,0,0,4,0,0,0,0,0,01210000000,186,40.635883383553875,0.9993559502
488,488,00423ac5-1fa7ff43,35s,0,0,0,0,2,1,0,0,4,0,0,0,0,1,00210000001,39,40.87573858844152,0.9999251824
489,489,0045e757-02530231,5s,0,0,0,0,2,1,0,0,4,1,0,0,0,0,00210010000,38,40.53733966788742,0.9991396126000001
490,490,0045e757-02530231,10s,0,0,0,0,2,1,1,0,4,1,0,0,0,0,00211010000,98,40.274428403763324,0.9984283736
491,491,0045e757-02530231,15s,0,0,0,0,2,1,1,0,4,1,0,0,0,0,00211010000,98,40.274428403763324,0.9984283736
492,492,0045e757-02530231,20s,0,0,0,0,2,1,1,0,4,1,0,0,0,0,00211010000,98,40.274428403763324,0.9984283736
493,493,0045e757-02530231,25s,0,0,0,0,2,1,1,0,4,1,0,0,0,1,00211010001,119,40.4771936022922,0.9989561964
494,494,0045e757-02530231,30s,0,0,0,0,2,1,1,0,4,0,0,0,0,1,00211000001,31,41.08029394715194,1.000764415
495,495,0045e757-02530231,35s,0,0,0,0,2,1,2,0,4,0,0,0,0,1,00212000001,209,40.14005772482701,0.9980655894
496,496,0045e757-088840fc,5s,0,0,0,0,2,0,1,0,3,1,0,0,0,0,00201010000,188,40.354213788040994,0.9990990467
497,497,0045e757-088840fc,10s,0,0,0,0,2,0,1,0,3,1,0,0,0,0,00201010000,188,40.354213788040994,0.9990990467
498,498,0045e757-088840fc,15s,0,0,0,0,2,0,1,0,3,1,0,0,0,0,00201010000,188,40.354213788040994,0.9990990467
499,499,0045e757-088840fc,20s,0,0,0,0,2,0,1,0,3,1,0,0,0,0,00201010000,188,40.354213788040994,0.9990990467
500,500,0045e757-088840fc,25s,0,0,0,0,2,0,0,0,3,1,0,0,0,1,00200010001,225,38.94825775541588,0.9948817937000001
501,501,0045e757-088840fc,30s,0,0,0,0,2,0,0,0,3,0,0,0,0,1,00200000001,226,39.942512611379605,0.9974926241
502,502,0045e757-088840fc,35s,0,0,0,0,2,0,0,0,4,0,0,0,0,1,00200000001,226,39.942512611379605,0.9974926241
503,503,0045e757-66a334b5,5s,0,0,0,0,2,1,0,0,4,1,0,0,0,0,00210010000,38,40.53733966788742,0.9991396126000001
504,504,0045e757-66a334b5,10s,0,0,0,0,2,1,1,0,4,1,0,0,0,0,00211010000,98,40.274428403763324,0.9984283736
505,505,0045e757-66a334b5,15s,0,0,0,0,2,1,1,0,4,1,0,0,0,0,00211010000,98,40.274428403763324,0.9984283736
506,506,0045e757-66a334b5,20s,0,0,0,0,2,1,0,0,4,1,0,0,0,1,00210010001,28,40.77078914246041,0.9999834359
507,507,0045e757-66a334b5,25s,0,0,0,0,2,1,1,0,4,0,0,0,0,1,00211000001,31,41.08029394715194,1.000764415
508,508,0045e757-66a334b5,30s,0,0,0,0,2,1,1,0,4,0,0,0,0,1,00211000001,31,41.08029394715194,1.000764415
509,509,0045e757-66a334b5,35s,1,0,0,0,2,1,1,0,4,0,0,0,0,1,10211000001,212,40.21528999915777,0.9990216742
510,510,004855fc-ff3946ad,5s,0,0,0,1,0,2,0,0,4,0,0,0,1,0,01020000010,19,39.934685581917336,0.9988374095999999
511,511,004855fc-ff3946ad,10s,0,0,0,1,0,2,0,0,4,1,0,0,0,0,01020010000,227,41.161193324128234,1.0020139051999999
512,512,004855fc-ff3946ad,15s,0,0,0,1,0,2,1,0,4,1,0,0,0,0,01021010000,85,41.2902189336084,1.0022172508
513,513,004855fc-ff3946ad,20s,0,0,0,0,0,2,1,0,4,1,0,0,0,0,00021010000,83,40.922145326810394,1.0010103571
514,514,004855fc-ff3946ad,25s,0,0,0,0,0,2,2,0,4,0,0,0,0,1,00022000001,228,40.794600635827194,1.0012166276
515,515,004855fc-ff3946ad,30s,0,0,1,0,0,2,2,0,4,0,0,1,0,0,01022000100,229,40.88289368365251,1.0014119199
516,516,004855fc-ff3946ad,35s,0,0,0,0,0,2,2,0,4,0,0,0,0,0,00022000000,230,40.98099707993542,1.0016091848
517,517,00495359-1d04dd8a,5s,0,0,0,0,0,0,0,0,4,1,0,0,0,0,00000010000,164,41.09000086448347,1.0018084423
518,518,00495359-1d04dd8a,10s,0,0,0,0,0,0,0,0,3,1,0,0,0,0,00000010000,164,41.09000086448347,1.0018084423
519,519,00495359-27ce9c7e,5s,0,0,0,0,0,1,1,0,3,0,0,0,0,0,00011000000,49,40.69565380811402,0.9999939643000001
520,520,00495359-27ce9c7e,15s,0,0,0,0,0,1,1,0,4,0,0,0,0,0,00011000000,49,40.69565380811402,0.9999939643000001
521,521,00495359-27ce9c7e,20s,0,0,0,0,0,1,1,0,4,0,0,0,0,0,00011000000,49,40.69565380811402,0.9999939643000001
522,522,004ea016-0b1932a7,5s,0,0,0,0,0,2,0,0,4,1,0,0,0,0,00020010000,141,41.695725949834284,1.0032088808
523,523,004ea016-0b1932a7,10s,0,0,0,0,0,2,0,0,4,1,0,0,0,0,00020010000,141,41.695725949834284,1.0032088808
524,524,004ea016-0b1932a7,15s,0,0,0,0,0,2,1,0,4,1,0,0,0,0,00021010000,83,40.922145326810394,1.0010103571
525,525,004ea016-0b1932a7,25s,0,0,0,0,0,2,2,1,4,1,0,0,0,0,00022110000,231,41.37189519828398,1.0018517082
526,526,004ea016-0b1932a7,30s,0,0,0,0,0,2,2,1,4,0,0,0,0,0,00022100000,232,41.52433215052612,1.0020534155
527,527,004ea016-0b1932a7,35s,0,0,0,0,0,2,1,1,5,0,0,0,0,0,00021100000,233,41.6937065588437,1.0022571601999999
528,528,00516b75-7ac91661,5s,0,0,0,0,2,1,0,0,4,1,0,0,0,1,00210010001,28,40.77078914246041,0.9999834359
529,529,00516b75-7ac91661,10s,0,0,0,0,2,1,0,0,4,1,0,0,0,1,00210010001,28,40.77078914246041,0.9999834359
530,530,00516b75-7ac91661,15s,0,0,0,0,2,1,1,0,4,1,0,0,0,1,00211010001,119,40.4771936022922,0.9989561964
531,531,00516b75-7ac91661,20s,0,0,0,0,2,1,0,0,3,1,0,0,0,1,00210010001,28,40.77078914246041,0.9999834359
532,532,00516b75-7ac91661,25s,0,0,0,0,2,1,0,0,3,1,0,0,0,1,00210010001,28,40.77078914246041,0.9999834359
533,533,00516b75-7ac91661,30s,0,0,0,0,2,1,0,0,4,1,0,0,0,1,00210010001,28,40.77078914246041,0.9999834359
534,534,00516b75-7ac91661,35s,0,0,0,0,2,1,1,0,4,1,0,0,0,0,00211010000,98,40.274428403763324,0.9984283736
535,535,0051e391-d32a618e,5s,0,0,0,0,0,1,0,1,3,0,0,0,1,0,00010100010,156,40.598167658549244,0.9994325491
536,536,0051e391-d32a618e,10s,0,0,0,0,0,1,0,1,4,1,0,1,0,0,00010110100,234,40.12994408893019,0.9979834873000001
537,537,0051e391-d32a618e,15s,0,0,0,0,0,1,1,0,4,1,0,0,0,0,00011010000,68,40.14438633547178,0.9981461212
538,538,0051e391-d32a618e,20s,0,1,0,0,0,1,2,0,4,1,0,0,0,0,01012010000,178,39.78699525118358,0.9971707934
539,539,0051e391-d32a618e,25s,0,1,0,0,0,1,2,0,3,1,0,0,0,0,01012010000,178,39.78699525118358,0.9971707934
540,540,0051e391-d32a618e,30s,0,1,0,0,0,1,2,0,4,1,0,0,1,0,01012010010,235,39.878769414506586,0.9971534920999999
541,541,0051e391-d32a618e,35s,0,0,0,0,0,1,1,0,4,1,0,0,1,0,00011010010,70,39.86530333598169,0.9973077422
542,542,0052b279-87c692aa,5s,0,0,0,0,0,1,2,0,4,1,0,0,0,0,00012010000,108,39.86697748808799,0.9973642916
543,543,0052b279-87c692aa,10s,0,0,0,0,0,1,2,0,4,1,0,0,0,1,00012010001,109,40.11106932609995,0.9980852372
544,544,0052b279-87c692aa,15s,0,0,0,0,0,1,2,0,4,1,0,0,0,1,00012010001,109,40.11106932609995,0.9980852372
545,545,0052b279-87c692aa,20s,0,0,0,0,0,1,2,0,4,1,0,0,0,1,00012010001,109,40.11106932609995,0.9980852372
546,546,0052b279-87c692aa,25s,1,0,0,0,0,1,0,0,4,0,0,0,0,1,10010000001,236,40.54174928643077,0.9996546306999999
547,547,0052b279-87c692aa,30s,1,0,0,0,0,1,0,0,4,0,0,0,0,1,10010000001,236,40.54174928643077,0.9996546306999999
548,548,0052b279-87c692aa,35s,0,0,0,0,0,1,0,0,4,0,0,0,0,1,00010000001,127,40.66214207694306,1.0000135594
549,549,005645a1-dbe34c9d,5s,0,0,0,0,2,1,1,1,4,0,0,0,1,0,00211100010,237,39.929941717097016,0.9971600320999999
550,550,005645a1-dbe34c9d,10s,0,0,0,0,2,1,1,1,4,0,0,0,0,0,00211100000,104,39.92216145565688,0.9973143482
551,551,005645a1-dbe34c9d,15s,0,0,0,0,2,1,0,0,4,0,0,0,0,0,00210000000,60,39.8812226091207,0.9973952319
552,552,005645a1-dbe34c9d,20s,0,0,0,0,2,1,0,0,4,0,0,0,0,0,00210000000,60,39.8812226091207,0.9973952319
553,553,005645a1-dbe34c9d,25s,0,0,0,0,2,1,0,0,4,1,0,0,0,0,00210010000,38,40.53733966788742,0.9991396126000001
554,554,005645a1-dbe34c9d,30s,0,0,0,0,2,1,0,0,4,0,0,0,0,0,00210000000,60,39.8812226091207,0.9973952319
555,555,005645a1-dbe34c9d,35s,0,0,0,0,2,1,0,0,4,0,0,1,0,0,00210000100,224,39.851119556005564,0.9973550362000001
556,556,00589f25-4cf2b9e0,5s,0,0,0,0,0,1,1,0,4,1,0,0,0,0,00011010000,68,40.14438633547178,0.9981461212
557,557,00589f25-4cf2b9e0,10s,0,0,0,0,0,1,2,0,4,1,0,0,0,1,00012010001,109,40.11106932609995,0.9980852372
558,558,00589f25-4cf2b9e0,15s,0,0,0,0,0,1,1,0,4,1,0,0,0,1,00011010001,200,39.76139930465364,0.9974758477
559,559,00589f25-4cf2b9e0,20s,0,0,0,0,0,1,1,0,4,0,0,0,0,0,00011000000,49,40.69565380811402,0.9999939643000001
560,560,00589f25-4cf2b9e0,25s,0,0,0,0,0,1,0,0,4,0,0,0,1,0,00010000010,238,39.59969207949201,0.9969120884
561,561,00589f25-4cf2b9e0,30s,0,0,0,0,0,1,0,0,4,0,0,0,1,0,00010000010,238,39.59969207949201,0.9969120884
562,562,00589f25-4cf2b9e0,35s,1,0,0,0,0,1,0,0,4,0,0,0,1,0,10010000010,213,40.54374066235435,0.9995520804000001
563,563,0059f17f-f0882eef,5s,0,0,0,0,2,2,0,0,4,1,0,0,0,1,00220010001,35,39.76775596608556,0.9975657137999999
564,564,0059f17f-f0882eef,10s,0,0,0,0,2,2,0,0,4,0,0,0,0,1,00220000001,172,40.80133456078273,1.0005128886
565,565,0059f17f-f0882eef,15s,0,0,0,0,2,2,0,0,4,1,0,0,1,1,00220010011,239,41.10866457769643,1.0005333955
566,566,0059f17f-f0882eef,20s,0,0,0,0,2,2,0,0,4,1,0,0,0,0,00220010000,10,41.23185365395878,1.0007217864
567,567,0059f17f-f0882eef,25s,0,0,0,1,2,2,0,1,4,1,0,0,1,1,01220110011,240,39.83287620224242,0.9971057059999999
568,568,0059f17f-f0882eef,30s,0,0,0,1,2,2,0,0,4,1,0,0,1,0,01220010010,241,39.81431087281115,0.9972594733
569,569,0059f17f-f0882eef,35s,0,0,0,0,2,2,0,0,4,1,0,0,1,0,00220010010,36,39.79368272693583,0.9974147939
570,570,005c4fd3-cb4d6287,5s,0,0,0,0,1,1,1,0,4,0,0,0,0,0,00111000000,242,39.42077866075222,0.9969010076
571,571,005c4fd3-cb4d6287,10s,0,0,0,0,1,1,2,0,4,0,0,0,0,1,00112000001,243,39.356424669811204,0.9970527071999999
572,572,005c4fd3-cb4d6287,15s,0,0,0,0,1,1,2,0,3,0,0,0,1,1,00112000011,244,39.28492022828186,0.9972059392
573,573,005c4fd3-cb4d6287,20s,0,0,0,0,1,1,2,0,4,0,0,0,1,0,00112000010,245,39.356424669811204,0.9970527071999999
574,574,005c4fd3-cb4d6287,25s,0,0,0,0,1,1,2,0,4,0,0,0,1,1,00112000011,244,39.28492022828186,0.9972059392
575,575,005c4fd3-cb4d6287,30s,0,0,0,0,1,1,2,0,3,0,0,0,1,1,00112000011,244,39.28492022828186,0.9972059392
576,576,005c4fd3-cb4d6287,35s,0,0,0,0,1,1,2,0,3,0,0,0,1,1,00112000011,244,39.28492022828186,0.9972059392
577,577,005cdef0-180a776c,5s,0,0,0,0,0,2,0,1,4,1,0,0,0,0,00020110000,160,42.228939892091105,1.0054165719
578,578,005cdef0-180a776c,10s,0,0,0,1,0,2,1,1,4,1,0,0,0,0,01021110000,246,40.829927111136655,1.0008190806000001
579,579,005cdef0-180a776c,15s,0,0,0,0,0,2,1,0,4,1,0,0,0,0,00021010000,83,40.922145326810394,1.0010103571
580,580,005cdef0-180a776c,20s,0,0,0,0,0,2,1,0,4,1,0,0,0,1,00021010001,247,41.526149602235904,1.0029956188
581,581,005cdef0-180a776c,25s,0,0,0,0,0,2,0,0,4,1,0,0,0,0,00020010000,141,41.695725949834284,1.0032088808
582,582,005cdef0-180a776c,30s,0,0,0,0,0,2,1,0,4,1,0,0,0,0,00021010000,83,40.922145326810394,1.0010103571
583,583,005cdef0-180a776c,35s,0,0,0,0,0,2,0,0,4,1,0,0,0,1,00020010001,248,40.762221699735235,1.0001992523999998
584,584,005ee183-0100ac18,5s,0,0,0,0,0,1,0,0,4,0,0,0,0,0,00010000000,43,40.846917084397134,1.000384268
585,585,005ee183-0100ac18,10s,0,0,0,0,0,1,1,0,4,0,0,0,0,0,00011000000,49,40.69565380811402,0.9999939643000001
586,586,005ee183-0100ac18,15s,0,0,0,0,0,1,0,0,4,1,0,0,0,0,00010010000,72,41.5009763064902,1.0020736824
587,587,005ee183-0100ac18,20s,0,0,0,0,0,1,0,0,3,1,0,0,1,0,00010010010,79,40.00454229738444,0.9978198373
588,588,005ee183-0100ac18,25s,0,0,0,0,0,1,0,0,3,0,0,0,1,0,00010000010,238,39.59969207949201,0.9969120884
589,589,005ee183-0100ac18,30s,0,0,0,0,0,1,1,0,3,1,0,0,1,0,00011010010,70,39.86530333598169,0.9973077422
590,590,005ee183-0100ac18,35s,0,0,0,0,0,1,2,0,3,1,0,0,1,0,00012010010,111,39.94828842619009,0.9975365395999999
591,591,005ee183-bcfab89f,5s,0,0,0,0,0,1,1,0,3,1,0,0,0,0,00011010000,68,40.14438633547178,0.9981461212
592,592,005ee183-bcfab89f,10s,0,0,1,0,0,1,2,0,3,1,0,0,0,0,01012010000,178,39.78699525118358,0.9971707934
593,593,005ee183-bcfab89f,15s,0,0,0,0,0,1,2,0,3,1,0,0,0,0,00012010000,108,39.86697748808799,0.9973642916
594,594,005ee183-bcfab89f,20s,0,0,0,0,0,1,1,1,3,1,1,1,0,0,00011111100,249,39.34885265579436,0.9964027284999999
595,595,005ee183-bcfab89f,25s,0,0,0,0,0,1,1,1,4,0,0,0,0,1,00011100001,146,40.38761810075515,0.999028922
596,596,005ee183-bcfab89f,30s,0,0,0,0,0,1,1,0,4,0,0,0,1,0,00011000010,107,40.596254529522184,0.9995850709
597,597,005ee183-bcfab89f,35s,0,0,0,0,0,1,1,0,4,0,0,0,0,0,00011000000,49,40.69565380811402,0.9999939643000001
598,598,005fd7be-d8e0dc65,5s,0,0,0,0,2,1,1,0,4,0,0,0,1,1,00211000011,250,40.186458714964445,0.9978609028000001
599,599,005fd7be-d8e0dc65,10s,0,0,0,0,2,1,1,0,4,0,0,0,0,0,00211000000,99,40.20718037067814,0.9980222984999999
600,600,005fd7be-d8e0dc65,15s,0,0,0,0,2,1,1,0,4,1,0,0,0,0,00211010000,98,40.274428403763324,0.9984283736
601,601,005fd7be-d8e0dc65,20s,0,0,0,0,2,1,2,0,4,0,0,0,1,0,00212000010,251,40.25934297523601,0.9983510943
602,602,005fd7be-d8e0dc65,25s,0,0,0,0,2,1,0,0,4,0,0,0,1,1,00210000011,222,40.28816289018923,0.9985174414
603,603,005fd7be-d8e0dc65,30s,0,0,0,0,2,1,0,0,4,0,0,0,0,1,00210000001,39,40.87573858844152,0.9999251824
604,604,005fd7be-d8e0dc65,35s,0,0,0,0,2,1,0,0,4,0,0,0,0,1,00210000001,39,40.87573858844152,0.9999251824
605,605,005ff190-5be4cdfa,5s,0,0,0,0,2,1,0,0,4,1,0,0,0,0,00210010000,38,40.53733966788742,0.9991396126000001
606,606,005ff190-5be4cdfa,10s,0,0,1,0,2,1,0,0,4,1,0,0,0,0,01210010000,89,40.052061959718266,0.9978476617
607,607,005ff190-5be4cdfa,15s,0,0,0,0,2,1,0,0,4,1,0,0,0,0,00210010000,38,40.53733966788742,0.9991396126000001
608,608,005ff190-5be4cdfa,20s,0,0,0,0,2,1,0,1,4,1,1,0,0,1,00210111001,223,39.779857100316846,0.9972740546
609,609,005ff190-5be4cdfa,25s,0,0,0,0,2,1,0,0,4,1,0,0,0,1,00210010001,28,40.77078914246041,0.9999834359
610,610,005ff190-5be4cdfa,30s,0,0,0,0,2,1,0,0,4,1,0,0,0,0,00210010000,38,40.53733966788742,0.9991396126000001
611,611,005ff190-5be4cdfa,35s,0,0,0,0,2,1,0,0,4,1,0,0,0,1,00210010001,28,40.77078914246041,0.9999834359
612,612,00618cec-3bc5573e,5s,0,0,0,0,0,2,1,0,4,1,0,0,0,0,00021010000,83,40.922145326810394,1.0010103571
613,613,00618cec-3bc5573e,10s,0,0,0,0,0,2,2,0,4,1,0,0,0,0,00022010000,252,40.829927111136655,1.0008190806000001
614,614,00618cec-3bc5573e,15s,0,0,0,0,0,2,1,0,4,1,0,0,0,0,00021010000,83,40.922145326810394,1.0010103571
615,615,00618cec-3bc5573e,20s,0,0,0,0,0,2,0,1,4,1,1,1,0,0,00020111100,253,40.9642579432079,1.0012407208
616,616,00618cec-3bc5573e,25s,0,0,0,0,0,2,1,1,4,1,0,1,0,1,00021110101,254,41.07140182181521,1.0014362564000001
617,617,00618cec-3bc5573e,30s,0,0,0,0,0,2,1,0,4,1,0,0,1,0,00021010010,255,41.190450587728215,1.0016337671
618,618,00618cec-3bc5573e,35s,0,0,0,0,0,2,0,0,4,1,0,0,1,0,00020010010,153,41.322727007525856,1.0018332729000001
619,619,00618cec-a7f7e470,5s,0,0,0,0,0,1,0,0,4,1,0,0,1,0,00010010010,79,40.00454229738444,0.9978198373
620,620,00618cec-a7f7e470,10s,0,0,0,0,0,1,1,0,4,1,0,0,1,0,00011010010,70,39.86530333598169,0.9973077422
621,621,00618cec-a7f7e470,15s,0,0,0,0,0,1,1,0,3,1,0,0,1,0,00011010010,70,39.86530333598169,0.9973077422
622,622,00618cec-a7f7e470,20s,0,0,0,0,0,1,2,0,4,1,0,0,0,0,00012010000,108,39.86697748808799,0.9973642916
623,623,00618cec-a7f7e470,25s,0,0,0,0,0,1,2,0,4,0,0,0,1,1,00012000011,110,40.09176858072311,0.9979431423
624,624,00618cec-a7f7e470,30s,0,0,0,0,0,1,2,0,4,0,0,0,0,0,00012000000,76,40.59621154842977,0.9993035192
625,625,00618cec-a7f7e470,35s,0,0,0,0,0,1,2,0,4,0,0,0,0,0,00012000000,76,40.59621154842977,0.9993035192
626,626,00618cec-ef92ac05,5s,0,0,0,0,0,1,1,0,4,0,0,0,1,0,00011000010,107,40.596254529522184,0.9995850709
627,627,00618cec-ef92ac05,10s,0,0,0,0,0,1,1,0,4,0,0,0,0,0,00011000000,49,40.69565380811402,0.9999939643000001
628,628,00618cec-ef92ac05,15s,0,0,0,0,0,1,1,0,4,1,0,0,0,0,00011010000,68,40.14438633547178,0.9981461212
629,629,00618cec-ef92ac05,20s,0,0,0,0,0,1,0,0,4,1,0,0,1,0,00010010010,79,40.00454229738444,0.9978198373
630,630,00618cec-ef92ac05,25s,0,0,0,0,0,1,0,0,3,0,0,0,1,0,00010000010,238,39.59969207949201,0.9969120884
631,631,00618cec-ef92ac05,30s,0,0,0,0,0,1,0,0,3,0,0,0,1,0,00010000010,238,39.59969207949201,0.9969120884
632,632,00618cec-ef92ac05,35s,0,0,0,0,0,1,0,0,4,1,0,0,0,0,00010010000,72,41.5009763064902,1.0020736824
633,633,0062298d-2d787502,5s,0,0,0,0,2,1,0,1,4,0,0,0,1,1,00210100011,256,40.186458714964445,0.9978609028000001
634,634,0062298d-2d787502,10s,0,0,0,0,2,1,1,0,4,0,0,0,0,0,00211000000,99,40.20718037067814,0.9980222984999999
635,635,0062298d-2d787502,15s,0,0,0,0,2,1,1,0,4,1,0,0,1,0,00211010010,105,39.89702831676685,0.9973163012
636,636,0062298d-2d787502,20s,0,0,0,0,2,1,1,1,4,1,0,1,0,1,00211110101,257,40.24698193868879,0.9982629171999999
637,637,0062298d-2d787502,25s,0,0,0,0,2,1,1,0,4,1,0,0,0,0,00211010000,98,40.274428403763324,0.9984283736
638,638,0062298d-2d787502,30s,0,0,0,0,2,1,1,0,4,1,0,0,0,0,00211010000,98,40.274428403763324,0.9984283736
639,639,0062298d-2d787502,35s,0,0,0,0,2,1,1,0,4,1,0,0,0,0,00211010000,98,40.274428403763324,0.9984283736
640,640,0062298d-cbbec2cd,5s,0,0,0,0,2,2,0,0,4,0,0,1,0,0,00220000100,15,40.37536024381782,0.9988598508
641,641,0062298d-cbbec2cd,10s,0,0,0,0,2,2,1,0,4,1,0,0,0,0,00221010000,64,40.923468563111044,0.9999001218000001
642,642,0062298d-cbbec2cd,15s,0,0,0,0,2,2,1,0,4,1,0,0,1,0,00221010010,258,40.189948100270165,0.996533208
643,643,0062298d-cbbec2cd,20s,0,0,0,0,2,2,1,1,4,1,0,1,1,1,00221110111,259,40.211057465849976,0.9966811925
644,644,0062298d-cbbec2cd,25s,0,0,0,0,2,2,0,1,4,1,0,1,0,1,00220110101,175,40.23451231883969,0.9968306718000001
645,645,0062298d-cbbec2cd,30s,0,0,0,0,2,2,1,1,4,0,0,1,0,1,00221100101,260,37.204045657904466,0.9887036845999999
646,646,0062298d-cbbec2cd,35s,0,0,0,0,2,2,0,1,4,0,0,1,0,1,00220100101,261,36.893387753676706,0.9887725822
647,647,0062298d-e6abad2f,5s,0,0,0,0,2,0,1,0,2,1,0,0,1,1,00201010011,262,36.5482122700172,0.9888421758
648,648,0062298d-e6abad2f,10s,0,0,0,0,2,0,1,0,3,1,0,1,1,1,00201010111,263,38.38690636093158,0.9938715264
649,649,0062298d-e6abad2f,15s,0,0,0,0,2,0,1,0,3,0,0,0,0,0,00201000000,264,39.31878877735802,0.996472152
650,650,0062298d-e6abad2f,20s,0,0,0,0,2,0,1,0,3,1,0,0,0,0,00201010000,188,40.354213788040994,0.9990990467
651,651,0062298d-e6abad2f,25s,0,0,0,0,2,0,0,0,4,0,0,0,0,1,00200000001,226,39.942512611379605,0.9974926241
652,652,0062298d-e6abad2f,30s,0,0,0,0,2,0,0,0,4,1,0,0,0,0,00200010000,265,40.439638233758984,0.9987979898999999
653,653,0062298d-e6abad2f,35s,0,0,0,0,2,0,0,0,4,1,0,0,0,0,00200010000,265,40.439638233758984,0.9987979898999999
654,654,0062298d-fd69d0ec,5s,0,0,0,0,2,1,0,0,3,1,0,0,0,0,00210010000,38,40.53733966788742,0.9991396126000001
655,655,0062298d-fd69d0ec,10s,0,1,0,0,2,1,0,0,4,1,0,0,0,0,01210010000,89,40.052061959718266,0.9978476617
656,656,0062298d-fd69d0ec,15s,0,1,0,0,2,1,0,0,3,1,0,0,0,0,01210010000,89,40.052061959718266,0.9978476617
657,657,0062298d-fd69d0ec,20s,0,0,0,0,2,1,0,0,4,1,0,0,1,1,00210010011,221,39.695463783321244,0.9968371883
658,658,0062298d-fd69d0ec,25s,0,0,0,0,2,1,0,0,4,1,0,0,0,0,00210010000,38,40.53733966788742,0.9991396126000001
659,659,0062298d-fd69d0ec,30s,0,0,0,0,2,1,1,0,4,1,0,0,0,0,00211010000,98,40.274428403763324,0.9984283736
660,660,0062298d-fd69d0ec,35s,0,0,0,0,2,1,1,0,4,1,0,0,0,1,00211010001,119,40.4771936022922,0.9989561964
661,661,0062e803-38c0a33a,5s,0,0,0,0,0,1,1,0,4,1,0,0,1,0,00011010010,70,39.86530333598169,0.9973077422
662,662,0062e803-38c0a33a,10s,0,0,0,0,0,1,2,0,4,0,0,0,0,1,00012000001,199,40.185799529879496,0.9980403577
663,663,0062e803-38c0a33a,15s,0,0,0,0,0,1,2,1,4,0,0,0,0,1,00012100001,266,40.321123284097936,0.99846389
664,664,0062e803-38c0a33a,20s,0,0,0,0,0,1,1,0,4,0,0,0,1,1,00011000011,81,40.356807684678074,0.9986313765000001
665,665,0062f18d-f8cd3a65,5s,0,0,0,0,0,1,1,0,3,1,0,0,0,0,00011010000,68,40.14438633547178,0.9981461212
666,666,0062f18d-f8cd3a65,10s,0,0,0,1,0,1,0,0,3,0,0,0,0,1,01010000001,96,40.293672612442805,0.9989960368
667,667,0062f18d-f8cd3a65,15s,0,0,0,0,0,1,0,0,4,1,0,0,1,1,00010010011,179,41.06806719661138,1.0008232598
668,668,006382a3-4a442001,5s,0,0,0,0,0,1,1,0,3,1,0,0,0,1,00011010001,200,39.76139930465364,0.9974758477
669,669,006382a3-4a442001,10s,0,0,0,0,0,1,1,1,3,1,0,0,0,0,00011110000,267,39.62608476469412,0.9973581203
670,670,006382a3-4a442001,15s,0,0,0,0,0,1,1,0,3,0,0,0,0,0,00011000000,49,40.69565380811402,0.9999939643000001
671,671,006382a3-4a442001,25s,0,0,0,0,0,1,1,0,4,1,0,0,0,1,00011010001,200,39.76139930465364,0.9974758477
672,672,006382a3-4a442001,30s,0,0,0,0,0,1,1,0,4,1,0,0,0,0,00011010000,68,40.14438633547178,0.9981461212
673,673,006382a3-4a442001,35s,0,0,0,0,0,1,2,0,3,1,0,0,1,0,00012010010,111,39.94828842619009,0.9975365395999999
