FileName;timestamp;peds_speed;weaving;swerving;sideslip;weather;timeofday;roadtype;Congestion;Jerkiness;Fron_vehicle;RelSpeed;RelDist;BrakeLight;Turns;Stops_Y;Stops_Z;Ground_Truth_Rating;City;person;car;stopsign;buses;trafficlight;trafficlight_color;truck;motorcycle;bicycle
0000f77c-62c2a288;5s;0;0;0;0;0;dawn/dusk;2;0;-8;0;0;0;0;2.65;0.1722;17.4;4;NewYork;2;5;1;0;0;0;0;0;0
0000f77c-62c2a288;10s;0;0;0;0;0;dawn/dusk;2;0;-7.7;0;0;0;0;2.43;0.1294;48.8;4;NewYork;0;5;5;0;0;0;0;0;0
0000f77c-62c2a288;15s;0;0;0;0;0;dawn/dusk;2;0;-6.619047619;0;0;0;0;4.25;0.0604;6.2;4;NewYork;4;0;0;0;0;0;0;0;0
0000f77c-62c2a288;20s;0;0;0;0;0;dawn/dusk;2;0;-12.4;0;0;0;0;5.04;0.0288;40.8;4;NewYork;0;1;2;0;1;0;0;0;0
0000f77c-62c2a288;25s;0;0;0;0;0;dawn/dusk;2;0;-4.7;0;0;0;0;1.3;0.0666;33.6;4;NewYork;0;14;1;0;0;0;0;0;0
0000f77c-62c2a288;30s;0;0;0;0;0;dawn/dusk;2;0;-6.85;0;0;0;0;0.5;0.0656;7;5;NewYork;0;16;3;0;0;0;0;0;0
0000f77c-62c2a288;35s;0;0;0;0;0;dawn/dusk;2;1;-9.9;0;0;0;0;3.72;0.1628;18.8;5;NewYork;0;32;1;0;1;0;1;0;0
0000f77c-cb820c98.mov;5s;0;0;0;0;0;dawn/dusk;0;1;-5.2;1;4.18;2.03;0;0.77;0.1032;0.2;4;NewYork;0;37;0;0;12;0;0;0;0
0000f77c-cb820c98.mov;10s;0;0;0;0;0;dawn/dusk;0;1;-8.65;0;0;0;0;0.7;0.132;6;4;NewYork;0;55;0;0;1;0;0;0;0
0000f77c-cb820c98.mov;15s;0;0;0;0;0;dawn/dusk;0;1;-10.1;0;0;0;0;0.73;0.1572;39;4;NewYork;0;33;0;0;1;0;1;0;0
0000f77c-cb820c98.mov;20s;0;0;0;0;0;dawn/dusk;0;1;-22.9;1;0;1.19;0;2.64;0.2348;47.4;4;NewYork;0;44;0;0;5;0;2;0;0
0000f77c-cb820c98.mov;25s;0;0;0;0;0;dawn/dusk;0;0;-2.142857143;1;0;1.19;0;13.26;0.0702;49.2;4;NewYork;1;30;0;0;24;0;0;0;0
0000f77c-cb820c98.mov;30s;0;0;0;0;0;dawn/dusk;0;0;-2.952380952;1;0;1.19;0;12.82;0.0678;49.4;4;NewYork;2;25;0;0;25;0;0;0;0
0000f77c-cb820c98.mov;35s;0;0;0;0;0;dawn/dusk;0;0;-1.9;1;0;1.19;0;0;0.0686;35.6;4;NewYork;0;25;0;0;25;0;0;0;0
00067cfb-5adfaaa7;5s;0;0;0;0;0;night;2;0;-39.6;0;0;0;0;2.63;0.1382;11.8;4;NewYork;0;23;0;0;0;0;2;0;0
00067cfb-5adfaaa7;10s;0;0;0;0;0;night;2;1;-15.34;1;1.2;2.2;0;3.71;0.113;41.2;3;NewYork;0;33;0;0;0;0;2;0;0
00067cfb-5adfaaa7;15s;0;0;0;0;0;night;2;0;-7.85;1;1.1;2;0;4.1;0.0898;9.2;4;NewYork;0;29;0;0;0;0;2;0;0
00067cfb-5adfaaa7;20s;0;0;0;0;0;night;2;0;-15.44;1;6.4;0.5;1;5.35;0.1298;14.2;3;NewYork;0;17;0;1;0;0;5;0;0
00067cfb-5adfaaa7;25s;0;0;0;0;0;night;2;0;-4.14;1;-4.3;2.5;1;17.26;0.0402;18.2;4;NewYork;0;18;0;0;0;0;5;0;0
00067cfb-5adfaaa7;30s;0;0;0;0;0;night;2;0;-3.39;1;-1.2;4.6;0;4.13;0.0336;0;4;NewYork;0;20;0;0;0;0;8;0;0
00067cfb-5adfaaa7;35s;0;0;0;0;0;night;2;0;-4.69;1;-4.8;8.9;0;3.24;0.057;18.4;4;NewYork;0;28;0;0;1;0;3;0;0
00067cfb-caba8a02.mov;5s;0;0;0;1;0;daytime;2;0;-7.095238095;0;0;0;0;2.92;0.135;39.2;4;NewYork;0;8;0;2;0;2;1;0;0
00067cfb-caba8a02.mov;10s;0;0;0;1;0;daytime;2;0;-8.25;1;-2.1;3.3;0;3.67;0.117;41.2;4;NewYork;3;24;0;0;2;2;0;0;0
00067cfb-caba8a02.mov;15s;0;1;0;0;0;daytime;2;0;-4.7;1;2.6;1.3;1;4.51;0.1062;46.6;4;NewYork;1;17;0;0;14;2;3;0;0
00067cfb-caba8a02.mov;20s;0;1;0;0;0;daytime;2;0;-9.4;0;0;0;0;31.42;0.285;39.2;3;NewYork;0;20;1;0;27;2;2;0;0
00067cfb-caba8a02.mov;25s;0;0;0;0;0;daytime;2;0;-5.5;0;0;0;0;23.85;0.0632;43;3;NewYork;0;20;0;0;1;2;3;0;0
00067cfb-caba8a02.mov;30s;0;0;0;0;0;daytime;2;0;-6.5;0;0;0;0;4.46;0.1642;3;4;NewYork;0;29;0;0;2;2;3;0;0
00067cfb-caba8a02.mov;35s;0;0;0;0;0;daytime;2;0;-7.7;0;0;0;0;4.11;0.087;15.4;4;NewYork;0;23;0;0;0;2;6;0;0
00067cfb-e535423e;5s;0;0;0;0;0;dawn/dusk;1;0;-7.6;0;0;0;0;0;0.1332;26.8;4;NewYork;17;29;0;1;19;0;5;1;0
00067cfb-e535423e;10s;0;0;0;0;0;dawn/dusk;1;1;-2.6;0;0;0;0;0;0.0736;48.8;4;NewYork;43;31;0;0;19;0;6;0;0
00067cfb-e535423e;15s;1;0;1;0;0;dawn/dusk;1;0;-4.65;0;0;0;0;15.64;0.1322;0.2;4;NewYork;35;28;0;3;4;0;5;0;0
00067cfb-e535423e;20s;0;0;1;0;0;dawn/dusk;1;0;-21.1;1;8.23;1.2;0;0.04;0.2252;21.4;3;NewYork;13;28;0;3;10;0;1;0;4
00067cfb-e535423e;25s;0;0;0;0;0;dawn/dusk;1;1;-2.2;0;0;0;0;0;-0.0164;48.2;5;NewYork;56;32;0;4;23;0;2;0;1
00067cfb-e535423e;30s;2;0;0;0;0;dawn/dusk;1;0;-0.4;0;0;0;0;0;-0.0214;50;4;NewYork;56;24;0;1;20;0;3;0;0
00067cfb-e535423e;35s;2;0;0;0;0;dawn/dusk;1;0;-0.4;0;0;0;0;0;-0.0222;49.8;4;NewYork;69;15;0;2;22;0;6;0;0
0001542f-5ce3cf52.mov;5s;0;0;0;0;0;night;1;0;-24.75;0;0;0;1;0.55;0.148;22.8;5;NewYork;0;12;0;0;0;0;0;0;0
0001542f-5ce3cf52.mov;10s;0;0;0;0;0;night;1;0;-33.9;0;0;0;0;1.28;0.1178;43.2;5;NewYork;0;22;0;0;1;0;0;0;0
0001542f-5ce3cf52.mov;15s;0;0;0;0;0;night;1;0;-26.6;0;0;0;0;0.34;0.1364;40.8;5;NewYork;0;15;0;0;3;0;0;0;0
0001542f-5ce3cf52.mov;20s;0;0;0;0;0;night;1;0;-49.85;1;1.23;2;1;0.55;0.1468;46;4;NewYork;0;20;0;1;12;0;0;0;0
0001542f-5ce3cf52.mov;25s;0;0;0;0;0;night;1;1;-91.65;0;0;0;0;5.88;0.155;46.8;5;NewYork;0;35;0;0;15;0;0;0;0
0001542f-5ce3cf52.mov;30s;0;0;0;0;0;night;1;1;-0.8;0;0;0;0;0;-0.0056;50.2;5;NewYork;0;37;0;0;19;0;0;0;0
0001542f-5ce3cf52.mov;35s;0;0;0;0;0;night;1;1;-0.55;0;0;0;0;0;-0.0066;50.2;5;NewYork;0;35;0;0;17;0;0;0;0
0001542f-7c670be8.mov;5s;0;0;0;0;0;night;2;0;-2.89;1;0;0;1;0;-0.0022;8.2;4;NewYork;;;;;;0;;;
0001542f-7c670be8.mov;10s;0;0;0;0;0;night;2;0;-6.55;0;0;0;0;20.35;0.2464;11.2;3;NewYork;;;;;;0;;;
0001542f-7c670be8.mov;15s;0;1;0;0;0;night;2;0;-19.68;0;0;0;0;0;0.0438;0;4;NewYork;;;;;;0;;;
0001542f-7c670be8.mov;20s;0;1;0;0;0;night;2;0;-22.3;0;0;0;0;0;0.1364;22.8;4;NewYork;;;;;;0;;;
0001542f-7c670be8.mov;25s;0;0;0;0;0;night;2;0;-27.25;0;0;0;0;0;0.1376;50;3;NewYork;;;;;;0;;;
0001542f-7c670be8.mov;30s;0;0;0;0;0;night;2;0;-30.55;0;0;0;0;17.8;0.0912;14.6;3;NewYork;;;;;;0;;;
0001542f-7c670be8.mov;35s;0;0;0;0;0;night;2;0;-13.69;0;0;0;0;3.76;0.178;1.6;4;NewYork;;;;;;0;;;
0001542f-ec815219;5s;0;0;0;0;0;night;1;0;-5.35;0;0;0;0;17.61;0.1508;0;4;NewYork;2;11;0;0;1;0;1;0;0
0001542f-ec815219;10s;0;0;0;0;0;night;1;0;-12.84;0;0;0;0;0;0.0712;0.4;5;NewYork;0;20;0;0;1;0;4;0;0
0001542f-ec815219;15s;0;0;0;0;0;night;1;0;-19.45;0;0;0;0;0;0.138;8.2;5;NewYork;0;19;0;0;3;0;0;0;0
0001542f-ec815219;20s;0;0;0;0;0;night;1;0;-31.55;0;0;0;0;0;0.1794;31.6;4;NewYork;1;23;0;2;5;0;0;0;0
0001542f-ec815219;25s;0;0;0;0;0;night;1;0;-13.6;0;0;0;0;0;0.0568;44.2;4;NewYork;2;21;0;1;11;0;2;0;0
0001542f-ec815219;30s;0;0;0;0;0;night;1;0;-0.45;0;0;0;0;0;-0.011;50;5;NewYork;3;18;0;0;17;0;0;0;0
0001542f-ec815219;35s;0;0;0;0;0;night;1;0;-0.4;0;0;0;0;0;-0.012;50.4;5;NewYork;1;24;0;0;15;0;0;0;0
0004974f-05e1c285;5s;0;0;0;0;3;night;2;0;-49.85;0;0;0;0;0.17;0.2504;17;5;NewYork;0;3;0;0;2;0;0;0;0
0004974f-05e1c285;10s;0;1;0;0;3;night;2;0;-30.3;0;0;0;0;0.22;0.229;30;5;NewYork;0;5;0;0;0;0;0;0;0
0004974f-05e1c285;15s;0;1;0;0;3;night;2;0;-24.6;0;0;0;0;1.28;0.256;33.6;5;NewYork;0;5;0;0;0;0;0;0;0
0004974f-05e1c285;20s;0;1;0;0;3;night;2;0;-20.4;0;0;0;0;1.41;0.2814;16;5;NewYork;0;6;0;0;0;0;0;0;0
0004974f-05e1c285;25s;0;1;0;0;3;night;2;0;-24.04;1;0;0;1;0.76;0.2402;34;4;NewYork;0;4;0;0;0;0;0;0;0
0004974f-05e1c285;30s;0;1;0;0;3;night;2;0;-18.15;1;6.49;3.99;0;0.04;0.2664;32.6;4;NewYork;0;3;0;0;0;0;0;0;0
0004974f-05e1c285;35s;0;0;0;0;3;night;2;0;-36.1;1;1.26;1.3;0;0.09;0.3242;32.8;5;NewYork;0;6;0;0;0;0;0;0;0
00091078-59817bb0;5s;0;0;0;0;0;daytime;1;0;-1;1;0;1.21;1;0;-0.0124;42.4;4;NewYork;3;19;0;1;12;0;6;0;0
00091078-59817bb0;10s;0;0;0;0;0;daytime;1;0;-1.3;1;0;1.21;1;0;-0.0096;50;4;NewYork;0;27;0;5;16;0;2;0;0
00091078-59817bb0;15s;0;0;0;0;0;daytime;1;0;-1.55;1;0;1.21;1;0;-0.0108;50;5;NewYork;1;24;0;5;20;0;0;0;0
00091078-59817bb0;20s;0;0;0;0;0;daytime;1;0;-1.35;1;0;1.21;1;0;-0.0116;50;4;NewYork;1;18;0;6;21;0;0;0;0
00091078-59817bb0;25s;0;0;0;0;0;daytime;1;0;-1.5;1;0;1.21;1;0;-0.0124;50.2;4;NewYork;5;17;0;5;24;0;0;0;0
00091078-59817bb0;30s;0;0;0;0;0;daytime;1;0;-2.35;1;0;1.21;0;0;-0.0108;38.2;4;NewYork;14;14;0;6;23;0;1;0;0
00091078-59817bb0;35s;0;0;0;0;0;daytime;1;0;-3.6;1;-2.1;2.2;1;0;0.012;20.6;5;NewYork;9;19;0;5;21;0;7;0;0
00091078-7cff8ea6;5s;0;0;0;0;4;daytime;1;0;-1.55;;0;1.1;1;0;0.0264;2;4;;1;18;0;1;33;0;2;0;0
00091078-7cff8ea6;10s;0;0;0;0;4;daytime;1;1;-1.9;;0;1.1;1;0;0.026;0.6;4;;0;36;0;0;46;0;1;0;0
00091078-7cff8ea6;15s;0;0;0;0;4;daytime;1;1;-1.95;;0;1.1;1;0;0.027;0.4;4;;1;38;0;0;50;0;0;0;0
00091078-7cff8ea6;20s;0;0;0;0;4;daytime;1;1;-1.9;;0;1.1;1;0;0.0256;0.6;4;;0;38;0;0;49;0;0;0;0
00091078-7cff8ea6;25s;0;0;0;0;4;daytime;1;1;-1.85;;0;1.1;1;0;0.0274;1;4;;0;34;0;4;51;0;0;0;0
00091078-7cff8ea6;30s;0;0;0;0;4;daytime;1;1;-2.05;;0;1.1;1;0;0.026;0.6;5;;0;32;0;5;49;0;0;0;0
00091078-7cff8ea6;35s;0;0;0;0;4;daytime;1;1;-2;;-1.3;1.5;1;0;0.0264;1;4;;0;33;0;5;53;0;0;0;0
00091078-84635cf2;5s;0;0;0;0;4;dawn/dusk;1;0;-8;;0;1.1;1;0;-0.044;46.6;4;;43;11;0;0;8;0;4;0;0
00091078-84635cf2;10s;0;0;0;0;4;dawn/dusk;1;0;-49.65;;0;1.1;1;0;-0.043;45.8;4;;49;15;0;4;15;0;5;0;0
00091078-84635cf2;15s;0;0;0;0;4;dawn/dusk;1;0;-1;;0;1.1;1;0;-0.0434;35.8;4;;51;16;0;5;16;0;6;0;0
00091078-84635cf2;20s;0;0;0;0;4;dawn/dusk;1;0;-2.5;;0;1.1;1;0;-0.0352;37.6;3;;49;14;0;5;16;0;5;0;0
00091078-875c1f73;5s;0;0;0;0;4;daytime;1;0;-0.95;;0;1.1;1;0;0.0056;18;4;;19;22;0;0;0;0;0;0;0
00091078-875c1f73;10s;0;0;0;0;4;daytime;1;0;-1;;0;1.1;1;0;0.0058;15.6;4;;20;26;0;0;0;0;0;0;0
00091078-875c1f73;15s;0;0;0;0;4;daytime;1;0;-1.25;;0;1.1;1;0;0.0056;16.2;4;;4;28;0;0;0;0;0;0;0
00091078-875c1f73;25s;0;0;0;0;4;daytime;1;0;-4.75;;-1.34;1.5;0;0;0.0138;3.4;4;;12;29;0;0;0;0;2;0;0
00091078-875c1f73;30s;0;0;0;0;4;daytime;1;1;-6.05;;-1.7;1.8;0;0;0.0354;19.8;5;;11;32;0;1;0;0;4;0;0
00091078-875c1f73;35s;0;0;0;0;4;daytime;1;0;-9.35;;1.2;1.45;0;0.01;0.1118;18.2;5;;6;26;0;1;5;0;3;0;0
00091078-c1d32eea;5s;0;0;0;0;4;dawn/dusk;1;0;-4.4;;0;0;0;0;-0.0034;10.6;4;;0;28;0;8;11;0;0;0;0
00091078-c1d32eea;10s;0;0;0;0;4;dawn/dusk;1;1;-17.45;;0;0;0;0.03;0.188;12.2;4;;23;40;0;5;11;0;0;0;0
00091078-c1d32eea;15s;0;0;1;0;4;dawn/dusk;1;2;-13.95;;0;0;0;0;0.0974;5.4;4;;8;70;0;2;4;0;4;0;0
00091078-c1d32eea;20s;0;0;1;0;4;dawn/dusk;1;2;-25.31578947;;0;0;0;0.06;0.09;33.8;4;;7;66;0;2;4;0;0;0;0
00091078-c1d32eea;25s;0;0;1;0;4;dawn/dusk;1;1;-11.1;;0;0;0;0;0.0328;46.4;5;;11;55;0;2;40;0;0;0;0
00091078-c1d32eea;30s;0;0;0;0;4;dawn/dusk;1;1;-1;;0;0;0;0;-0.0488;50;4;;18;47;0;1;44;0;0;0;3
00091078-c1d32eea;35s;1;0;0;0;4;dawn/dusk;1;1;-1.1;;0;0;0;0;-0.0532;50;4;;16;47;0;5;46;0;0;0;2
00091078-cedbfea7;5s;0;0;0;0;4;daytime;1;0;-21.65;;1.33;1.32;1;0.03;0.202;22.4;4;;33;11;0;4;3;0;0;0;1
00091078-cedbfea7;10s;0;0;0;0;4;daytime;1;0;-6.7;;0;1.1;1;0;0.1252;35;4;;24;13;0;5;11;0;4;0;0
00091078-cedbfea7;15s;0;0;0;0;4;daytime;1;0;-2.3;;0;1.1;1;0;0.0538;29.2;4;;3;17;0;5;12;0;3;0;0
00091078-cedbfea7;20s;0;0;0;0;4;daytime;1;0;-1.95;;0;1.1;1;0;0.0428;9;4;;3;20;0;5;17;0;2;0;0
00091078-cedbfea7;25s;0;0;0;0;4;daytime;1;0;-1.55;;0;1.1;1;0;0.0478;23.4;4;;1;21;0;5;13;0;3;0;0
00091078-cedbfea7;30s;0;0;0;0;4;daytime;1;0;-1.4;;0;1.1;1;0;0.044;9;4;;0;20;0;5;16;0;3;0;0
00091078-cedbfea7;35s;0;0;0;0;4;daytime;1;0;-1.6;;0;1.1;1;0;0.0484;14.4;4;;0;17;0;5;20;0;5;0;0
00091078-f32de4d2;5s;0;0;0;0;4;dawn/dusk;1;1;-10.85;;-2.1;2.3;1;18.62;0.0484;21;4;;12;38;0;0;23;0;0;0;1
00091078-f32de4d2;10s;0;0;0;0;4;dawn/dusk;1;1;-6.65;;-2.3;3;0;10.4;0.2154;26.2;4;;8;43;0;0;16;0;0;0;0
00091078-f32de4d2;15s;0;0;0;0;4;dawn/dusk;1;0;-20.55;;2.4;1.56;1;29.97;0.1064;27;4;;9;24;0;1;2;0;1;0;0
00091078-f32de4d2;20s;0;0;0;0;4;dawn/dusk;1;0;-6.55;;0;1.1;0;5.81;-0.1324;49.8;4;;5;10;0;3;0;0;1;4;0
00091078-f32de4d2;25s;0;0;0;0;4;dawn/dusk;1;0;-11.05;;1.34;1.1;0;0;0.078;28.2;4;;5;12;0;0;0;0;0;0;0
00091078-f32de4d2;30s;0;0;0;0;4;dawn/dusk;1;0;-2.75;;1.2;1.1;1;0;0.0138;36.6;4;;7;20;0;2;5;0;7;0;0
00091078-f32de4d2;35s;0;0;0;0;4;dawn/dusk;1;0;-1.65;;0;1.1;1;0;-0.0158;42.4;5;;4;11;0;3;4;0;8;0;0
000d35d3-41990aa4;5s;0;0;0;0;0;night;1;0;-6.45;;0;0;0;0.43;0.0578;15.8;3;;41;25;0;5;8;0;0;3;3
000d35d3-41990aa4;10s;0;0;0;0;0;night;1;0;-14.1;;0;0;0;0;0.063;29.6;3;;48;18;0;8;11;0;0;0;2
000d35d3-41990aa4;15s;0;0;0;0;0;night;1;0;-8.05;;0;0;0;0.15;0.0672;32.6;3;;50;27;0;2;13;0;4;0;0
000d35d3-41990aa4;20s;0;0;0;0;0;night;1;0;-5.25;;0;0;0;0.01;0.0706;48.6;3;;53;17;0;0;7;0;0;0;2
000d35d3-41990aa4;25s;0;0;0;0;0;night;1;0;-7.7;;0;0;0;0.11;0.047;13.4;3;;60;15;0;3;15;0;0;0;0
000d35d3-41990aa4;30s;1;0;0;0;0;night;1;0;-4.4;;0;0;0;0;0.0202;47;3;;78;18;0;5;31;0;0;2;2
000d35d3-41990aa4;35s;1;0;0;0;0;night;1;0;-1.65;;0;0;0;0;-0.033;48.8;3;;63;20;0;6;35;0;0;0;0
000f157f-30b30f5e;5s;0;0;0;0;0;night;1;0;-3.631578947;;-0.6;2.58;0;0;-0.0148;47.8;3;;1;13;0;4;1;0;4;0;0
000f157f-30b30f5e;10s;0;0;0;0;0;night;1;0;-6.15;;-1.2;3;0;0;0.0012;19.2;3;;0;19;0;0;4;0;5;0;0
000f157f-30b30f5e;15s;0;0;0;0;0;night;1;0;-7.15;;-1.3;2.89;0;0.03;0.0538;26.4;4;;0;16;0;0;6;0;5;0;0
000f157f-30b30f5e;20s;0;0;0;0;0;night;1;0;-13.5;;-3.8;5.3;0;0;0.0944;25.8;4;;2;23;0;2;10;0;8;0;0
000f157f-30b30f5e;25s;0;0;0;0;0;night;1;1;-8.7;;0;0;0;0;-0.0002;48.2;4;;18;35;0;3;16;0;2;0;0
000f157f-30b30f5e;30s;0;0;0;0;0;night;1;1;-3.9;;0;0;0;0;-0.0076;50;5;;32;53;0;0;23;0;0;0;0
000f157f-30b30f5e;35s;1;0;0;0;0;night;1;1;-5.15;;0;0;0;0;0.0006;38.2;4;;18;40;0;0;16;0;0;0;0
000f157f-37797ff9;5s;0;0;0;0;0;night;2;0;-38.25;;0;0;0;0.03;0.206;33;4;;2;20;0;0;22;1;0;0;0
000f157f-37797ff9;10s;0;0;0;0;0;night;2;0;-35.95;;0;0;0;0.14;0.195;33.4;4;;2;25;0;0;17;1;0;0;0
000f157f-37797ff9;15s;0;0;0;0;0;night;2;1;-30.65;;0;0;0;4.82;0.1466;38.6;4;;1;44;0;0;8;1;0;0;0
000f157f-37797ff9;20s;0;0;0;0;0;night;2;1;-29.8;;0;0;0;0.47;0.2262;34;5;;1;33;0;0;12;1;0;0;0
000f157f-37797ff9;25s;1;0;0;0;0;night;2;0;-12.65;;0;0;0;1.6;0.0074;49.8;5;;2;7;0;0;17;1;0;0;0
000f157f-37797ff9;30s;1;0;0;0;0;night;2;0;-2.95;;0;0;0;0;-0.0064;50;5;;8;8;0;0;19;1;0;0;0
000f157f-37797ff9;35s;1;0;0;0;0;night;2;0;-2.95;;0;0;0;0;-0.0052;50.2;5;;7;11;0;0;20;1;0;0;0
000f157f-dab3a407;5s;0;0;0;0;0;daytime;1;0;-3.9;;0;0;0;25.62;0.0596;40.6;4;;38;26;0;2;29;0;6;0;2
000f157f-dab3a407;10s;0;0;0;0;0;daytime;1;1;-7.45;;0;0;0;3.77;0.1022;15.6;4;;43;40;0;0;20;0;8;0;5
000f157f-dab3a407;15s;0;0;0;0;0;daytime;1;1;-10.65;;-2.1;2.98;0;0.91;0.1178;19.4;4;;31;47;0;5;3;0;8;0;0
000f157f-dab3a407;20s;0;0;0;0;0;daytime;1;1;-13.85;;3.2;3.1;0;10.05;0.1452;35.2;4;;42;32;0;9;6;0;7;0;0
000f157f-dab3a407;25s;0;0;0;0;0;daytime;1;1;-14.6;;1.2;3;0;16.79;0.15;36.4;4;;53;37;0;4;26;0;5;0;0
000f157f-dab3a407;30s;0;0;0;0;0;daytime;1;0;-13.5;;-2.1;3.9;0;11.03;0.1914;34.6;4;;36;28;0;5;2;0;1;0;0
000f157f-dab3a407;35s;0;0;0;0;0;daytime;1;0;-10.15;;1.33;2.87;0;1.87;0.1134;29.2;4;;40;29;0;5;4;0;1;0;0
000f8d37-d4c09a0f;5s;0;0;0;0;0;daytime;1;0;-0.9;;0;1.5;1;16.58;0.0548;45.6;4;;65;29;0;4;24;1;1;0;0
000f8d37-d4c09a0f;10s;0;0;0;0;0;daytime;1;1;-0.9;;0;1.5;1;8.64;0.0524;50;4;;60;51;0;5;39;1;2;2;3
000f8d37-d4c09a0f;15s;1;0;0;0;0;daytime;1;1;-1;;-2.3;2.9;1;12.84;0.0576;28.4;4;;55;51;0;4;35;1;3;1;2
000f8d37-d4c09a0f;20s;0;0;0;0;0;daytime;1;2;-7.8;;-1.4;2.4;0;1.59;0.087;7.6;5;;57;64;0;2;25;1;3;2;6
000f8d37-d4c09a0f;25s;0;0;0;0;0;daytime;1;1;-6.3;;2.1;1.9;1;6.83;0.18;41;4;;18;57;0;3;10;1;5;2;6
000f8d37-d4c09a0f;30s;0;0;1;0;0;daytime;1;0;-2.6;;-4.5;4.9;0;42.42;0.146;17.4;4;;59;24;0;8;35;1;9;2;2
000f8d37-d4c09a0f;35s;0;0;1;0;0;daytime;1;1;-4.8;;2.9;2.8;1;0;0.1636;38.8;4;;37;43;0;6;14;1;4;0;1
0010bf16-9ee17cd9;5s;0;0;0;0;3;daytime;1;0;-2.2;;0;0;0;4.46;0.0574;22;4;;0;16;0;4;0;0;7;0;0
0010bf16-9ee17cd9;10s;0;0;0;0;3;daytime;1;0;-5.6;;0;0;0;4.1;0.0916;4.2;4;;2;28;0;1;2;0;11;0;0
0010bf16-9ee17cd9;15s;0;0;0;0;3;daytime;1;0;-31.95;;0;0;0;5.09;0.1774;21;4;;8;19;0;0;4;0;11;0;0
0010bf16-9ee17cd9;20s;0;0;0;0;3;daytime;1;0;-29.95;;0;0;1;5.17;0.2658;44.4;4;;21;28;0;0;24;0;4;0;0
0010bf16-9ee17cd9;25s;0;0;0;0;3;daytime;1;1;-4.7;;0;0;1;25.25;0.1034;50;4;;13;43;0;0;15;0;0;0;0
0010bf16-9ee17cd9;30s;0;0;0;0;3;daytime;1;1;-1.05;;0;0;0;37.92;0.0376;50;4;;5;56;0;0;10;0;0;0;0
0010bf16-9ee17cd9;35s;0;0;0;0;3;daytime;1;1;-0.7;;0;0;0;0;0.0364;50;4;;7;56;0;0;11;0;0;0;0
0010bf16-a457685b;5s;0;0;0;0;0;daytime;1;0;-0.65;;0;0.7;1;40.48;0.0606;41.4;4;;3;13;0;4;18;0;0;0;0
0010bf16-a457685b;10s;0;0;0;0;0;daytime;1;0;-0.8;;0;0.7;1;4.58;0.062;50;4;;0;16;0;5;19;0;2;0;0
0010bf16-a457685b;15s;0;0;0;0;0;daytime;1;0;-0.9;;0;0.7;1;0.25;0.0624;49.8;4;;0;17;0;7;21;0;2;0;0
0010bf16-a457685b;20s;0;0;0;0;0;daytime;1;0;-1.35;;0;0.7;1;2.75;0.0608;50;4;;0;12;0;5;20;0;0;0;0
0010bf16-a457685b;25s;0;0;0;0;0;daytime;1;0;-1;;0;0.7;1;3.23;0.0628;50;4;;1;13;0;5;19;0;0;0;0
0010bf16-a457685b;30s;0;0;0;0;0;daytime;1;0;-0.95;;0;0.7;1;0;0.0616;50;4;;0;10;0;5;20;0;0;0;0
0010bf16-a457685b;35s;0;0;0;0;0;daytime;1;0;-0.95;;-3.9;2.1;1;0;0.0606;50;4;;1;12;0;5;22;0;0;0;0
00131ea7-624f538d;5s;0;0;0;0;2;daytime;2;1;-79.05;;0;0;0;1.34;0.2736;36.6;4;;6;39;0;2;19;0;5;0;0
00131ea7-624f538d;10s;0;0;1;0;2;daytime;2;2;-48.8;;0;0;0;7.57;0.2496;46;4;;16;68;0;2;14;0;3;0;2
00131ea7-624f538d;15s;0;0;1;0;2;daytime;2;1;-45.65;;0;0;0;1.6;0.374;35.2;4;;21;38;0;0;26;0;4;0;1
00131ea7-624f538d;20s;0;0;1;0;2;daytime;2;2;-29.6;;0;0;0;5.11;0.2622;46.2;4;;6;61;0;0;16;0;6;0;0
00131ea7-624f538d;25s;1;0;0;0;2;daytime;2;1;-9.55;;0;0;0;23.78;0.104;50.2;5;;17;38;0;0;29;0;0;1;0
00131ea7-624f538d;30s;1;0;0;0;2;daytime;2;1;-2.25;;0;0;0;0;0.0588;50;5;;23;42;0;0;25;0;0;2;0
00131ea7-624f538d;35s;1;0;0;0;2;daytime;2;1;-1.55;;0;0;0;0;0.0592;50;5;;14;36;0;0;28;0;6;0;0
00134776-9123d227;5s;0;0;0;0;0;night;1;0;-25.57894737;;0;0;0;0.26;0.1416;16.6;4;;0;23;0;0;1;0;0;0;0
00134776-9123d227;10s;0;0;0;0;0;night;1;0;-11.26315789;;0;0;0;0.09;0.1776;17;4;;0;27;0;0;0;0;1;0;0
00134776-9123d227;15s;0;0;0;0;0;night;1;0;-21.5;;0;0;0;6.02;0.1944;24.2;4;;0;30;0;0;0;0;0;0;0
00134776-9123d227;20s;0;0;0;0;0;night;1;0;-42.8;;0;0;0;2.22;0.3162;26.6;4;;0;26;0;0;8;0;1;0;0
00134776-9123d227;25s;0;0;1;0;0;night;1;0;-19.45;;0;0;0;0.75;0.3418;33;4;;2;18;0;1;23;0;0;0;0
00134776-9123d227;30s;0;0;1;0;0;night;1;1;-10.63157895;;0;0;0;0.79;0.1842;39.8;4;;0;35;0;0;10;0;0;0;0
00134776-9123d227;35s;0;0;1;0;0;night;1;1;-9.894736842;;1.2;6.2;1;0.1;0.218;51.2;4;;3;50;0;2;3;0;0;0;0
001bad4e-2fa8f3b6;5s;0;0;0;0;0;daytime;1;0;-7.8;;-5.4;3.9;1;0;0.1222;24.6;5;;46;24;0;0;26;0;2;0;7
001bad4e-2fa8f3b6;10s;0;0;0;0;0;daytime;1;1;-20.3;;-5.9;4.2;1;0.29;0.1776;48;5;;37;33;0;0;14;0;5;0;9
001bad4e-2fa8f3b6;15s;0;0;0;0;0;daytime;1;1;-16.45;;-6.7;4.9;1;0;0.1474;38.6;5;;33;32;0;0;11;0;4;1;6
001bad4e-2fa8f3b6;20s;0;0;1;0;0;daytime;1;0;-26.5;;5.98;1.3;1;0.54;0.155;44.6;4;;72;15;0;2;34;0;1;1;3
001bad4e-2fa8f3b6;25s;0;0;1;0;0;daytime;1;0;-5.9;;0;0;0;0.66;0.0326;49.8;4;;42;17;0;6;3;0;0;0;1
001bad4e-2fa8f3b6;30s;0;0;0;0;0;daytime;1;1;-7.5;;0;0;0;0;0.111;30.8;4;;13;31;0;5;3;0;2;0;0
001bad4e-2fa8f3b6;35s;0;0;1;0;0;daytime;1;1;-9.25;;0;0;0;0;0.1316;43.8;4;;5;33;0;5;4;0;3;0;0
001c5339-08faca55;5s;0;0;0;0;0;night;1;0;-15.5;;0;0;0;9.36;-0.032;37.2;4;;1;12;0;0;17;0;0;0;0
001c5339-08faca55;10s;0;0;0;0;0;night;1;0;-19.3;;0;0;0;1.06;0.2016;14;4;;0;17;0;0;51;0;0;0;0
001c5339-08faca55;15s;0;0;0;0;0;night;1;1;-30.42105263;;0;0;0;1.72;0.3196;20.8;4;;6;48;0;0;16;0;0;0;0
001c5339-08faca55;20s;0;0;1;0;0;night;1;1;-31.15;;0;0;0;2.4;0.1762;28;4;;0;37;0;0;9;0;0;0;0
001c5339-08faca55;25s;0;0;0;0;0;night;1;1;-16.25;;0;0;0;0.08;0.0634;36.2;4;;6;40;0;0;15;0;0;0;0
001c5339-08faca55;30s;0;0;0;0;0;night;1;1;-3.7;;0;0;0;0;0.0086;16.4;4;;4;38;0;0;15;0;3;0;0
001c5339-08faca55;35s;0;0;0;0;0;night;1;1;-3.85;;0;0;0;0;0.008;14.2;4;;1;36;0;0;17;0;0;0;0
001c5339-13a07470;5s;0;0;0;0;0;night;1;0;-6.684210526;;-2.1;2.3;0;0;-0.0038;10.8;4;;0;23;1;0;12;2;0;0;0
001c5339-13a07470;10s;0;0;0;0;0;night;1;1;-12.45;;-5.3;4.1;0;0.42;0.0416;3;4;;2;40;0;0;25;2;0;0;0
001c5339-13a07470;15s;0;0;0;0;0;night;1;2;-34.15;;-2.1;4.5;0;0.78;0.2442;12.6;4;;1;64;0;0;28;2;0;0;0
001c5339-13a07470;20s;0;0;0;0;0;night;1;2;-38.9;;3.4;1.2;1;0.05;0.2294;22;4;;5;73;0;2;7;2;0;0;0
001c5339-13a07470;25s;0;0;0;0;0;night;1;1;-9.631578947;;-0.43;1.3;1;0;0.0974;48.8;4;;0;57;0;0;12;2;0;0;0
001c5339-13a07470;30s;0;0;0;0;0;night;1;1;-4.4;;1.02;1.1;1;0;0.0392;23.4;4;;0;54;0;0;20;2;0;0;0
001c5339-13a07470;35s;0;0;0;0;0;night;1;1;-3.2;;1.32;0.7;1;0;0.0254;18.8;4;;0;42;0;1;16;2;0;0;0
001c5339-9a6cdd3e;5s;0;0;0;0;0;night;1;0;-3.6;;0;0;0;23.79;0.0324;23.6;5;;13;16;0;1;31;0;0;0;1
001c5339-9a6cdd3e;10s;0;0;0;0;0;night;1;0;-11.1;;0;0;0;0.92;0.0468;9.4;5;;20;18;0;0;37;0;0;0;4
001c5339-9a6cdd3e;15s;0;0;0;0;0;night;1;0;-24.05;;0;0;0;6.51;0.1318;2.6;5;;2;22;1;0;13;0;0;0;2
001c5339-9a6cdd3e;20s;0;0;0;0;0;night;1;1;-27.4;;0;0;0;9.55;0.2426;27.4;4;;4;45;1;0;20;0;0;0;0
001c5339-9a6cdd3e;25s;1;0;0;0;0;night;1;0;-26;;0;0;0;2.19;0.1348;36;2;;20;21;0;0;20;0;0;0;0
001c5339-9a6cdd3e;30s;0;0;0;0;0;night;1;0;-16.89473684;;0;0;0;2.26;0.0912;2.6;4;;18;15;0;0;23;0;0;0;2
001c5339-9a6cdd3e;35s;0;0;0;0;0;night;1;0;-14.15789474;;0;0;0;2.33;0.132;29.8;5;;18;28;0;0;24;0;0;0;0
00207869-046fa443;5s;0;0;0;0;0;daytime;1;1;-8.95;;0;0;0;11.86;-0.0646;11.6;4;;3;31;3;0;0;0;3;3;1
00207869-046fa443;10s;0;0;0;0;0;daytime;1;2;-7.473684211;;0;0;0;2.48;0.0184;0.6;4;;0;74;0;0;1;0;2;0;0
00207869-046fa443;15s;0;0;0;0;0;daytime;1;2;-13;;0;0;0;1.65;0.1016;21.8;4;;0;68;0;2;0;0;12;0;0
00207869-046fa443;20s;0;0;0;0;0;daytime;1;2;-18.89473684;;0;0;0;4.5;0.163;43.6;4;;1;67;1;1;0;0;10;0;1
00207869-046fa443;25s;0;0;0;0;0;daytime;1;2;-3.75;;0;0;0;40.36;0.0298;40.4;4;;0;75;5;0;0;0;2;2;6
00207869-046fa443;30s;0;0;0;0;0;daytime;1;2;-37.8;;0;0;0;15.29;0.0594;1.4;4;;2;79;4;0;0;0;4;1;9
00207869-046fa443;35s;0;0;0;0;0;daytime;1;2;-67.95;;0;0;0;17.57;0.2014;12.2;4;;0;82;0;0;0;0;5;0;1
00207869-902288d1;5s;0;0;0;0;0;daytime;1;1;-35;;1.66;6.2;0;0.01;0.1078;29.6;4;;0;35;0;0;14;1;2;0;0
00207869-902288d1;10s;0;0;0;0;0;daytime;1;1;-13.7;;-0.7;4.3;0;0;0.0644;43;4;;2;53;0;0;13;1;1;0;0
00207869-902288d1;15s;0;0;0;0;0;daytime;1;1;-23.1;;0;0;0;3.99;0.0914;23.4;4;;0;45;0;0;21;1;1;0;0
00207869-902288d1;20s;0;1;0;0;0;daytime;1;1;-8.7;;0;0;0;2.98;0.1112;11.8;4;;5;60;0;0;17;1;0;0;0
00207869-902288d1;25s;0;0;0;0;0;daytime;1;2;-11.7;;0;0;0;0;0.0236;23.8;4;;21;77;0;0;18;1;0;0;0
00207869-902288d1;30s;1;0;0;0;0;daytime;1;2;-0.3;;0;0;0;0;-0.0684;0;4;;29;76;0;0;10;1;0;0;0
00207869-902288d1;35s;1;0;0;0;0;daytime;1;1;-0.3;;0;0;0;0;-0.0686;0;4;;34;56;0;0;11;1;0;0;0
00211b17-ad3e206b;5s;0;0;0;0;0;night;1;0;-1.2;;0;0;0;0;-0.12;46.8;4;;15;12;0;0;0;0;0;0;0
00211b17-ad3e206b;10s;0;0;0;0;0;night;1;0;-2.25;;0;0;0;0;-0.0912;47;4;;22;7;0;0;0;0;0;0;0
00211b17-ad3e206b;15s;0;0;1;0;0;night;1;0;-6.05;;0;0;0;0.01;0.0096;44;4;;4;17;0;0;0;0;0;0;0
00211b17-ad3e206b;20s;0;0;1;0;0;night;1;0;-9.947368421;;0;0;0;0;0.0426;50;4;;0;29;0;0;3;0;0;0;0
00211b17-ad3e206b;25s;0;0;0;0;0;night;1;1;-50.3;;0;0;0;0;0.2594;49;4;;4;32;0;0;4;0;0;0;0
00211b17-ad3e206b;30s;0;0;1;0;0;night;1;0;-7.2;;0;0;0;0;0.156;49.6;4;;17;14;0;0;8;0;0;0;0
00211b17-ad3e206b;35s;0;0;1;0;0;night;1;0;-13.8;;0;0;0;0;0.2766;49.4;4;;22;21;0;0;7;0;0;0;0
00232de3-19eca24a;5s;0;0;0;0;0;night;1;1;-4.45;;-2.4;3.2;1;0;0.0726;38.6;4;;5;38;0;0;12;1;0;1;2
00232de3-19eca24a;10s;0;0;0;0;0;night;1;1;-15.5;;-3.4;5.7;1;0.01;0.1682;33.2;4;;0;54;0;2;17;1;3;0;0
00232de3-19eca24a;15s;0;0;0;0;0;night;1;1;-20.8;;0;0;0;0.01;0.1564;32.2;4;;2;41;0;0;24;1;5;0;0
00232de3-19eca24a;20s;0;0;0;0;0;night;1;0;-14.85;;0;0;0;0;0.1162;32.4;4;;2;26;0;0;10;1;0;0;0
00232de3-19eca24a;25s;0;0;0;0;0;night;1;0;-7;;0;0;0;0;0.0632;49.6;4;;6;14;0;0;24;1;0;3;2
00232de3-19eca24a;30s;0;0;0;0;0;night;1;0;-2.05;;0;0;0;0;0.0122;50;4;;6;9;0;0;23;1;0;2;1
00232de3-19eca24a;35s;0;0;0;0;0;night;1;0;-3.95;;0;0;0;0;0.0666;31.6;4;;0;8;0;0;22;1;0;0;0
002685b6-856c17f7;5s;0;0;0;0;2;daytime;0;1;-6.7;;0;0;0;0;0.0596;17.2;4;;0;52;0;0;10;0;0;0;0
002685b6-856c17f7;10s;0;0;0;0;2;daytime;0;2;-19.35;;0;0;0;0;0.068;0.6;4;;0;68;0;0;8;0;0;0;0
002685b6-856c17f7;15s;0;0;0;0;2;daytime;0;2;-21.6;;0;0;0;0;0.0828;0;4;;1;70;0;0;9;0;0;0;0
002685b6-856c17f7;20s;0;0;0;0;2;daytime;0;1;-25.1;;0;0;0;15.27;0.0908;32.4;4;;3;59;0;0;29;0;0;0;0
002685b6-856c17f7;25s;0;0;0;0;2;daytime;0;1;-16.95;;0;0;0;0;0.1318;6.2;4;;10;54;0;0;7;0;1;0;0
002685b6-856c17f7;30s;0;0;0;0;2;daytime;0;2;-39.5;;0;0;0;0.01;0.2134;23.4;4;;3;65;0;5;10;0;0;0;0
002685b6-856c17f7;35s;0;0;0;0;2;daytime;0;2;-16.5;;0;0;0;12.81;0.1862;25.4;4;;8;63;0;4;23;0;0;0;0
002827ad-8748e2fb;5s;0;0;0;0;0;daytime;1;0;-2.3;;0;0;0;0;-0.044;42.6;4;;2;16;0;0;0;0;1;0;0
002827ad-8748e2fb;10s;0;0;0;0;0;daytime;1;0;-2.45;;0;0;0;0;-0.0558;50;4;;1;12;0;0;0;0;0;0;0
002827ad-8748e2fb;15s;0;0;0;0;0;daytime;1;0;-1.55;;0;0;0;0;-0.056;50;4;;1;13;0;0;0;0;0;0;0
002827ad-8748e2fb;20s;0;0;0;0;0;daytime;1;0;-8.45;;0;0;0;0;-0.053;50.2;4;;1;12;0;0;0;0;0;0;0
002827ad-8748e2fb;25s;0;0;0;0;0;daytime;1;0;-10.65;;0;0;0;0;-0.0364;49.8;4;;1;12;0;0;0;0;0;0;0
002827ad-8748e2fb;30s;0;0;0;0;0;daytime;1;0;-11.6;;0;0;0;0;-0.0348;49.8;4;;0;13;0;0;0;0;0;0;0
002827ad-8748e2fb;35s;0;0;0;0;0;daytime;1;0;-2.7;;0;0;0;0;-0.0482;50;4;;2;15;0;0;0;0;0;0;0
0028cbbf-92f30408;5s;0;0;0;0;2;daytime;2;0;-5.6;;0.5;3.2;0;1.44;0.0524;41.2;4;;0;26;0;0;0;0;10;0;0
0028cbbf-92f30408;10s;0;0;0;0;2;daytime;2;1;-22.05;;-1.6;6.7;0;1.43;0.126;50;4;;0;33;0;3;0;0;12;0;0
0028cbbf-92f30408;15s;0;0;0;0;2;daytime;2;1;-32.9;;-1.1;7.1;0;1.21;0.1546;46.6;5;;0;31;0;0;0;0;11;0;0
0028cbbf-92f30408;20s;0;0;0;0;2;daytime;2;1;-18.1;;6.1;2.3;1;1.08;0.1134;49.6;4;;1;31;0;0;0;0;10;0;0
0028cbbf-92f30408;25s;0;0;0;0;2;daytime;2;0;-9.3;;-1.5;3.2;0;4.76;0.0694;50;4;;1;12;0;0;0;0;10;0;0
0028cbbf-92f30408;30s;0;0;0;0;2;daytime;2;0;-8.95;;-2.1;5.7;0;1.04;0.0552;50;4;;0;24;0;1;0;0;11;0;0
0028cbbf-92f30408;35s;0;0;0;0;2;daytime;2;0;-15.25;;-2.4;6.7;0;1.5;0.0808;49.8;4;;0;24;0;2;0;0;14;0;0
002b485a-3f6603f2;5s;0;0;0;0;0;night;1;0;-31;;-1.6;2.4;0;13.38;0.0248;7.2;4;;0;13;0;0;16;1;4;0;0
002b485a-3f6603f2;10s;0;0;0;0;0;night;1;0;-69.2;;-5.6;6.9;0;17.26;0.1868;15;5;;1;24;0;2;30;1;4;0;0
002b485a-3f6603f2;15s;0;0;0;0;0;night;1;1;-69.9;;-4.5;7.1;0;12.38;0.22;15;4;;1;42;0;2;18;1;2;0;0
002b485a-3f6603f2;20s;0;0;0;0;0;night;1;1;-198;;-5.2;7.1;0;10.57;0.414;21.6;5;;1;35;0;2;8;1;1;0;0
002b485a-3f6603f2;25s;0;0;0;0;0;night;1;1;-251.85;;2.1;5.9;0;16.79;0.636;29.4;5;;0;33;0;1;9;1;0;0;0
002b485a-3f6603f2;30s;0;0;0;0;0;night;1;1;-48.9;;3.6;2.1;1;40.63;0.0986;29.8;5;;0;31;0;0;10;1;4;0;0
002b485a-3f6603f2;35s;0;0;0;0;0;night;1;0;-44.95;;-3.4;4.2;0;32.95;0.0508;10.2;5;;0;17;0;0;11;1;5;0;0
002b485a-d1301c7c;5s;0;0;0;0;4;night;2;1;-38.7;;-5.7;6.7;0;4.76;0.1062;16.8;4;;0;37;0;2;13;2;1;0;0
002b485a-d1301c7c;10s;0;0;0;0;4;night;2;1;-128.35;;-3.4;5.6;0;9.85;0.3108;18.2;4;;0;59;0;0;20;2;2;3;0
002b485a-d1301c7c;15s;0;0;0;0;4;night;2;1;-80.1;;-3.9;5.8;0;4.29;0.3074;23.8;4;;0;43;0;0;3;2;3;0;0
002b485a-d1301c7c;20s;0;0;0;0;4;night;2;1;-52.3;;-1.1;6.1;0;23.28;0.0912;15.4;4;;2;42;0;0;11;2;3;0;0
002b485a-d1301c7c;25s;0;0;0;0;4;night;2;1;-32.25;;0;0;0;26.13;0.0734;41.6;4;;0;39;1;3;10;2;3;0;0
002b485a-d1301c7c;30s;0;0;0;0;4;night;2;1;-5.65;;0;0;0;41.87;0.0082;12;5;;0;43;0;0;6;2;0;0;0
002b485a-d1301c7c;35s;0;0;0;0;4;night;2;1;-6.2;;0;0;0;26.02;0.0116;12.6;5;;0;41;0;0;8;2;0;0;0
002cd38e-c7defded;5s;1;0;0;0;0;daytime;2;0;-4.5;;0;0;0;0;0.1208;27.8;4;;4;12;0;0;25;1;0;0;0
002cd38e-c7defded;10s;0;0;0;0;0;daytime;2;0;-13.6;;0;0;0;0;0.1394;22.2;4;;3;19;0;0;31;1;0;0;0
002cd38e-c7defded;15s;0;0;0;0;0;daytime;2;0;-10.15;;0;0;0;0.03;0.15;2.2;4;;0;25;0;0;11;1;0;0;0
002cd38e-c7defded;20s;0;0;0;0;0;daytime;2;1;-10.71428571;;0;0;0;0.02;0.1616;30.6;4;;0;40;0;0;2;1;1;0;0
002cd38e-c7defded;25s;0;0;0;0;0;daytime;2;1;-15.28571429;;0;0;0;0.04;0.183;31.8;4;;1;44;0;0;0;1;0;0;0
002cd38e-c7defded;30s;0;0;0;0;0;daytime;2;1;-6.095238095;;0;0;0;0;0.1136;25.2;4;;0;44;0;0;2;1;1;0;0
002cd38e-c7defded;35s;0;0;0;0;0;daytime;2;1;-6.05;;0;0;0;0;0.1866;41.2;4;;0;41;0;0;1;1;1;0;0
002cd38e-ebe888e1;5s;0;0;0;0;2;daytime;1;1;-7.2;;-2.1;3.8;0;2.23;-0.0038;23.6;4;;0;41;0;0;11;1;0;0;0
002cd38e-ebe888e1;10s;0;0;0;0;2;daytime;1;1;-38.15;;0;0;0;0.88;0.1838;21;4;;0;53;0;0;24;1;1;0;0
002cd38e-ebe888e1;15s;0;0;0;0;2;daytime;1;1;-20.25;;0;0;0;0.99;0.1446;16.4;4;;0;47;0;0;5;1;0;0;0
002cd38e-ebe888e1;20s;0;0;1;0;2;daytime;1;1;-18.65;;4.3;2.1;1;1.69;0.1098;49;4;;1;42;0;2;16;1;1;0;0
002cd38e-ebe888e1;25s;0;0;0;0;2;daytime;1;1;-3.75;;0;0.5;1;7.07;0.0588;49;3;;1;57;0;0;20;1;0;0;0
002cd38e-ebe888e1;30s;0;0;0;0;2;daytime;1;1;-2.714285714;;0;0.5;1;0;-0.0046;49;3;;7;47;0;0;26;1;2;0;0
002cd38e-ebe888e1;35s;0;0;0;0;2;daytime;1;1;-2.857142857;;0;0.5;1;0;-0.0072;48.8;3;;1;52;0;0;21;1;0;0;0
002d290d-01969e7d;5s;0;0;0;0;1;daytime;1;0;-44.4;;-2.4;4.6;0;1.25;0.1524;12.4;4;;5;29;0;0;7;1;5;0;0
002d290d-01969e7d;10s;0;0;0;0;1;daytime;1;0;-16.9;;-2.7;3.9;0;0.84;0.1082;6.4;5;;27;24;0;0;18;1;1;0;0
002d290d-01969e7d;15s;0;0;0;0;1;daytime;1;1;-26.84210526;;-1.9;3.7;0;1.1;0.1068;10.6;5;;25;31;0;2;32;1;3;0;3
002d290d-01969e7d;20s;0;0;0;0;1;daytime;1;0;-35.95;;5.7;0.9;1;1.73;0.1262;20;4;;12;27;0;0;15;1;3;0;0
002d290d-01969e7d;25s;0;0;0;0;1;daytime;1;0;-27.85;;-1.9;1.6;0;13.65;0.0712;22.4;4;;8;21;0;0;5;1;0;0;1
002d290d-01969e7d;30s;0;0;0;0;1;daytime;1;1;-20.4;;-2.9;2.8;0;2.41;0.046;0.2;4;;7;36;0;0;2;1;1;0;2
002d290d-01969e7d;35s;0;0;0;0;1;daytime;1;1;-50.21052632;;-3.6;4.7;0;1.02;0.2142;6.6;5;;1;42;1;0;3;1;3;0;1
002d290d-89d1aea8;5s;0;0;0;0;1;daytime;1;0;-22.05263158;;3.5;4.8;0;5.78;0.1858;28.6;4;;69;5;0;3;22;1;3;0;0
002d290d-89d1aea8;10s;0;0;1;0;1;daytime;1;0;-39.7;;0;0;0;5.17;0.1282;14.8;5;;40;14;0;5;3;1;8;0;7
002d290d-89d1aea8;15s;0;0;0;0;1;daytime;1;0;-44.95;;0;0;0;8.76;0.3576;13.6;4;;25;14;0;6;14;1;9;0;1
002d290d-89d1aea8;20s;0;0;0;0;1;daytime;1;0;-65.85;;0;0;0;3.25;0.3448;10;5;;10;20;0;5;14;1;12;0;2
002d290d-89d1aea8;25s;1;0;0;0;1;daytime;1;0;-12.2;;0;0;0;20.68;0.0234;38.4;5;;22;12;0;5;27;1;12;0;0
002d290d-89d1aea8;30s;1;0;0;0;1;daytime;1;0;-2.2;;0;0;0;0;-0.068;0;4;;33;10;0;9;29;1;7;0;0
002d290d-89d1aea8;35s;1;0;0;0;1;daytime;1;0;-1.55;;0;0;0;0;-0.0666;0;4;;29;8;0;9;31;1;6;0;0
002d290d-89f4e5c0;5s;0;0;0;0;0;daytime;2;0;-49.26315789;;0;0;0;0.91;0.1872;18.6;5;;2;14;0;0;1;0;1;0;0
002d290d-89f4e5c0;10s;0;0;0;0;0;daytime;2;0;-40.8;;0;0;0;0.91;0.236;20.6;5;;2;16;0;0;3;0;0;0;0
002d290d-89f4e5c0;15s;0;0;0;0;0;daytime;2;0;-34.1;;0;0;0;2.03;0.1854;23.8;5;;1;21;0;0;3;0;1;0;0
002d290d-89f4e5c0;20s;0;0;0;0;0;daytime;2;0;-67.1;;4.3;2.5;1;2.4;0.2646;31.2;5;;1;26;0;0;8;0;5;0;0
002d290d-89f4e5c0;25s;0;0;0;0;0;daytime;2;0;-30.35;;1.3;1.2;0;5.42;0.3426;39.4;5;;2;29;0;1;5;0;5;0;0
002d290d-89f4e5c0;30s;0;0;0;0;0;daytime;2;1;-19.35;;-4.5;6.2;0;3.04;0.1646;1.2;5;;3;45;0;2;4;0;4;0;0
002d290d-89f4e5c0;35s;0;0;0;0;0;daytime;2;1;-13.45;;2.4;3.9;0;5.12;0.1532;3.4;5;;4;54;0;4;5;0;15;0;0
002d290d-90f2bab2;5s;0;0;0;0;0;daytime;1;0;-28.85;;-5.6;3.5;0;2.48;0.1502;11.8;5;;10;10;0;0;11;0;14;0;0
002d290d-90f2bab2;10s;0;0;0;0;0;daytime;1;0;-34.5;;0;0;0;2.24;0.096;26.2;5;;0;29;0;0;2;0;17;0;0
002d290d-90f2bab2;15s;0;0;0;0;0;daytime;1;1;-32.36842105;;3.4;1.5;0;1.98;0.172;3.2;5;;3;31;0;1;4;0;18;0;0
002d290d-90f2bab2;20s;0;0;0;0;0;daytime;1;0;-23.1;;0;0;0;2.57;0.144;17.2;4;;37;14;0;0;6;0;25;0;0
002d290d-90f2bab2;25s;1;0;0;0;0;daytime;1;0;-15.65;;0;0;0;13.22;0.032;26;5;;83;6;0;3;10;0;32;1;5
002d290d-90f2bab2;30s;1;0;0;0;0;daytime;1;0;-4.35;;0;0;0;0;-0.0222;0;5;;82;7;0;2;8;0;8;0;1
002d290d-90f2bab2;35s;1;0;0;0;0;daytime;1;0;-8.6;;0;0;0;0;-0.028;0;5;;71;9;0;0;3;0;2;0;0
002d290d-f9108a13;5s;0;0;0;0;0;daytime;1;0;-3;;0;2.1;1;8.23;-0.0298;0;5;;3;17;0;3;14;1;1;0;1
002d290d-f9108a13;10s;0;0;0;0;0;daytime;1;0;-3.1;;0;2.1;1;1.55;-0.0276;0;5;;20;27;0;5;19;1;0;0;0
002d290d-f9108a13;15s;0;0;0;0;0;daytime;1;0;-13.4;;-9.2;7.9;0;1.05;0.0146;0.2;5;;18;24;0;4;14;1;1;0;0
002d290d-f9108a13;20s;0;0;0;0;0;daytime;1;1;-48.25;;-4.3;6.1;0;14.85;0.227;6.8;4;;5;45;0;0;12;1;8;0;0
002d290d-f9108a13;25s;0;0;0;0;0;daytime;1;2;-20.6;;-6.2;4.3;1;1.95;0.099;9;5;;5;65;0;2;3;1;9;0;0
002d290d-f9108a13;30s;0;0;0;0;0;daytime;1;1;-13.45;;5.6;1.1;1;3.86;0.0958;33.6;5;;10;40;0;2;4;1;19;0;0
002d290d-f9108a13;35s;0;0;0;0;0;daytime;1;0;-12.5;;0;0;0;0;0.015;0.2;5;;16;28;1;6;0;1;13;0;0
002d290d-fa2a8964;5s;0;0;0;0;0;daytime;2;1;-28.45;;0;0;1;0.55;0.0928;16;5;;0;40;0;1;0;0;3;0;0
002d290d-fa2a8964;10s;0;0;0;0;0;daytime;2;0;-41.05;;0;0;1;2.57;0.1878;27.2;5;;0;23;0;0;3;0;0;0;0
002d290d-fa2a8964;15s;0;0;0;0;0;daytime;2;0;-31.45;;2.1;3.1;0;8.3;0.3324;12.4;5;;0;17;0;0;0;0;1;0;0
002d290d-fa2a8964;20s;0;0;0;0;0;daytime;2;0;-51.15;;2.1;0.8;1;5.54;0.2498;20.8;4;;0;11;0;0;0;0;0;0;0
002d290d-fa2a8964;25s;0;0;0;0;0;daytime;2;0;-29.5;;-3.2;3.1;0;3.46;0.1618;14.8;4;;0;17;0;0;0;0;0;0;0
002d290d-fa2a8964;30s;0;0;0;0;0;daytime;2;0;-52.05;;-2.8;4.8;0;1.38;0.2348;7.6;5;;0;11;0;0;0;0;0;0;0
002d290d-fa2a8964;35s;0;0;0;0;0;daytime;2;0;-50.25;;-4.5;6.9;0;1.7;0.2234;6.8;5;;0;17;0;0;0;0;4;0;0
002e6895-442e6bc1;5s;0;0;0;0;1;daytime;0;0;-26.5;;0;0;0;0;0.206;12.2;4;;0;24;3;0;0;0;6;0;0
002e6895-442e6bc1;10s;0;0;0;0;1;daytime;0;1;-5.35;;0;0;0;0;0.0808;28.6;4;;0;36;2;0;0;0;9;0;0
002e6895-442e6bc1;15s;0;0;0;0;1;daytime;0;0;-4.7;;0;0;0;15.01;0.3052;0;4;;0;19;0;0;6;0;2;0;0
002e6895-442e6bc1;20s;0;0;0;0;1;daytime;0;0;-13.15;;0;0;0;0;0.137;12.4;4;;0;22;0;0;35;0;1;0;0
002e6895-442e6bc1;25s;0;0;0;0;1;daytime;0;0;-4.3;;0;0;0;0;0.0492;25.4;5;;0;9;0;1;68;0;0;0;0
002e6895-442e6bc1;30s;0;0;0;0;1;daytime;0;0;-2.15;;0;0;0;0;0.0242;0;5;;1;6;0;5;72;0;0;0;0
002e6895-442e6bc1;35s;0;0;0;0;1;daytime;0;0;-1.95;;0;0;0;0;0.0238;0;5;;0;14;0;3;72;0;0;0;0
002f8552-0cdd55c6;5s;0;0;0;0;4;daytime;1;0;-12.2;;0;0;0;0.15;0.108;43.4;5;;55;21;0;3;4;1;6;0;0
002f8552-0cdd55c6;10s;0;0;0;0;4;daytime;1;0;-27.75;;0;0;0;0;0.2;38.8;5;;40;29;0;6;18;1;5;0;0
002f8552-0cdd55c6;15s;0;0;0;0;4;daytime;1;1;-19.3;;2.3;4.3;1;0;0.118;44.6;5;;30;41;0;2;23;1;10;0;0
002f8552-0cdd55c6;20s;0;0;0;0;4;daytime;1;1;-20.55;;-2.1;5.8;0;0;0.1322;47.4;5;;39;32;0;2;7;1;12;0;0
0030f434-3eb4a3a9;5s;0;0;0;0;1;daytime;1;1;-4.5;;0;0;0;0;0.06;30;5;;6;38;0;0;13;0;1;0;0
0030f434-3eb4a3a9;10s;0;0;0;0;1;daytime;1;1;-4.3;;0;0;0;0;-0.0264;44.2;5;;14;37;0;0;13;0;1;0;0
0030f434-3eb4a3a9;15s;0;0;0;0;1;daytime;1;1;-4.2;;0;0;1;36.59;-0.0266;49.8;5;;11;41;1;0;18;0;0;0;0
0030f434-3eb4a3a9;25s;0;0;0;0;1;daytime;1;1;-3.1;;0;0;0;4.61;0.1166;26.6;5;;0;54;0;1;1;0;6;0;0
0030f434-3eb4a3a9;30s;0;0;1;0;1;daytime;1;1;-14.8;;0;0;0;2.28;0.0028;31;5;;1;59;0;0;6;0;12;0;0
0030f434-3eb4a3a9;35s;0;0;1;0;1;daytime;1;1;-7.25;;0;0;0;20.58;0.1094;13.4;5;;3;47;0;0;11;0;12;0;0
00313a01-62156032;5s;0;0;0;0;0;night;1;0;-12.5;;0;0;0;1.7;0.1216;45.6;5;;1;28;0;1;8;0;1;0;0
00313a01-62156032;10s;0;0;0;0;0;night;1;1;-15.85;;0;0;0;1.51;0.106;40.6;4;;1;32;0;0;16;0;3;0;0
00313a01-62156032;15s;0;0;0;0;0;night;1;1;-15.35;;0;0;0;0.85;0.0938;48.4;4;;0;37;0;0;9;0;0;0;0
00313a01-62156032;20s;0;0;0;0;0;night;1;1;-9.25;;0;0;0;1.08;0.1398;33.4;4;;0;55;0;0;8;0;3;0;0
00313a01-62156032;25s;1;0;0;0;0;night;1;2;-5.1;;0;0;0;3.57;0.1402;49.2;3;;0;78;0;0;3;0;0;0;0
00313a01-62156032;30s;0;0;0;0;0;night;1;1;-8.4;;0;0;1;1.93;0.1178;38;3;;1;38;0;4;12;0;2;0;0
00313a01-62156032;35s;0;0;0;0;0;night;1;1;-13.6;;3.4;2.1;1;0.77;0.163;49.2;4;;1;39;0;5;22;0;2;0;0
00313a01-725ddf3a;5s;0;0;0;0;0;night;1;0;-4.85;;0;0;0;0.01;0.0766;45.6;5;;0;12;0;0;30;2;0;0;0
00313a01-725ddf3a;10s;1;0;0;0;0;night;1;0;-2.05;;0;0;0;0.01;0.056;32.8;5;;4;16;0;1;38;2;0;0;0
00313a01-725ddf3a;15s;0;0;0;0;0;night;1;0;-16.9;;0;0;0;0.27;0.3144;13.6;4;;1;21;0;1;25;2;0;0;0
00313a01-725ddf3a;20s;0;0;0;0;0;night;1;0;-55.05;;0;0;0;2.24;0.413;25.8;5;;0;16;0;1;8;2;1;0;0
00313a01-725ddf3a;25s;0;0;0;0;0;night;1;0;-19.9;;0;0;0;15.42;0.5482;40;4;;1;9;0;0;12;2;0;0;0
00313a01-725ddf3a;30s;0;0;1;0;0;night;1;0;-10.15;;0;0;0;0.02;0.153;44.6;5;;2;17;0;1;15;2;4;0;0
00313a01-725ddf3a;35s;0;0;0;0;0;night;1;1;-6.95;;0;0;0;0;0.0978;49.6;5;;2;55;0;0;38;2;0;0;0
00313a01-97de1f42;5s;0;0;0;0;0;night;2;0;-4.05;;0;0;0;0.57;0.0652;41.4;4;;7;20;0;0;10;0;0;2;0
00313a01-97de1f42;10s;0;0;0;0;0;night;2;0;-5.1;;0;0;0;1.03;0.0892;26.6;4;;8;23;0;0;6;0;0;1;0
00313a01-97de1f42;15s;0;0;0;0;0;night;2;1;-14.5;;0;0;0;0.23;0.2644;15;4;;0;53;0;0;0;0;0;1;0
00313a01-97de1f42;20s;0;0;0;0;0;night;2;1;-11;;0;0;0;0.16;0.149;37.8;4;;0;57;0;0;2;0;1;0;0
00313a01-97de1f42;25s;0;0;0;0;0;night;2;1;-20.8;;0;0;0;0;0.2264;35.2;4;;0;54;0;0;10;0;0;0;0
00313a01-97de1f42;30s;0;0;0;0;0;night;2;1;-14.5;;0;0;0;0;0.2696;44.2;4;;2;36;0;0;12;0;2;1;0
00313a01-97de1f42;35s;0;0;0;0;0;night;2;1;-16.35;;0;0;0;0;0.189;38.4;4;;1;56;0;0;0;0;0;6;0
00322f82-286ab9b3;5s;0;1;0;0;0;night;1;0;-11.85;;0;0;0;0;0.1412;2.2;4;;7;4;0;4;9;1;3;0;0
00322f82-286ab9b3;10s;0;1;0;0;0;night;1;0;-35.95;;0;0;0;0.05;0.1044;19.8;4;;5;2;0;3;18;1;1;0;0
00322f82-286ab9b3;15s;0;0;0;0;0;night;1;0;-6.7;;0;0;0;0;0.0456;28.6;4;;4;8;0;1;16;1;3;0;0
00322f82-286ab9b3;20s;0;0;0;0;0;night;1;0;-23.4;;0;0;0;0.07;0.0886;26.6;4;;1;7;0;0;25;1;0;0;0
00322f82-286ab9b3;25s;0;0;0;0;0;night;1;0;-6.2;;0;0;0;0;0.0318;48.4;4;;4;6;0;1;24;1;0;0;2
00322f82-286ab9b3;30s;0;0;0;0;0;night;1;0;-2.3;;0;0;0;0;-0.0016;50;5;;0;10;0;1;24;1;3;0;0
00322f82-286ab9b3;35s;0;0;0;0;0;night;1;0;-2.052631579;;0;0;0;0;-0.0006;49.8;4;;0;16;0;3;35;1;5;1;0
0032419c-7d20b300;5s;0;0;0;0;0;night;2;0;-12.7;;0;0;1;0;0.1302;25.8;5;;0;14;0;3;0;1;0;0;0
0032419c-7d20b300;10s;0;0;0;0;0;night;2;0;-23.3;;0;0;0;0.27;0.1624;36.8;5;;0;20;0;4;0;1;3;0;0
0032419c-7d20b300;15s;0;0;0;0;0;night;2;0;-28.2;;0;0;0;0.03;0.1916;26.6;5;;0;16;0;2;0;1;6;0;0
0032419c-7d20b300;20s;0;0;0;0;0;night;2;0;-28.8;;-2.3;5.9;1;0.03;0.2032;35.4;5;;0;12;0;0;0;1;9;0;0
0032419c-7d20b300;25s;0;0;0;0;0;night;2;0;-28.5;;1.2;4.5;1;0;0.1906;40.6;5;;0;16;0;0;0;1;4;0;0
0032419c-7d20b300;30s;0;0;0;0;0;night;2;0;-35.8;;-1.9;4.8;0;0;0.1654;29;5;;0;8;0;0;0;1;5;0;0
0032419c-7d20b300;35s;0;0;0;0;0;night;2;0;-24.33333333;;1.6;3.7;1;0.72;0.1772;40.6;5;;0;1;0;0;0;1;5;0;0
0033b19f-7f07efac;5s;0;0;0;0;1;daytime;1;1;-26.15;;0;0;0;2.11;0.0348;35;3;;0;44;0;0;0;0;2;0;0
0033b19f-7f07efac;10s;0;0;1;0;1;daytime;1;2;-42.3;;-1.9;3.8;0;1.87;0.1874;24.6;4;;2;61;0;0;0;0;5;0;0
0033b19f-7f07efac;15s;0;0;1;0;1;daytime;1;2;-37.3;;0;0;0;4.42;0.1018;22.6;4;;1;67;0;2;0;0;9;0;0
0033b19f-7f07efac;20s;0;0;1;0;1;daytime;1;1;-45.95;;0;0;0;1.03;0.1342;7;4;;0;44;0;1;14;0;10;0;0
0033b19f-7f07efac;25s;0;0;0;0;1;daytime;1;0;-74.95;;0;0;0;14.91;0.0872;49.4;5;;0;19;0;0;33;0;2;0;0
0033b19f-7f07efac;30s;0;0;0;0;1;daytime;1;0;-14.75;;0;0;0;0;0.029;30.2;5;;0;12;0;0;34;0;0;0;0
0033b19f-7f07efac;35s;0;0;0;0;1;daytime;1;0;-14.6;;0;0;0;0;0.0238;26.6;5;;0;23;0;0;34;0;3;0;0
0034a363-24f318c4;5s;0;0;0;0;0;night;1;1;-2.65;;0;1.1;1;20.57;0.1082;43.2;4;;1;45;0;4;11;1;0;1;0
0034a363-24f318c4;10s;0;0;0;0;0;night;1;1;-2.8;;-1.1;2.1;0;0.94;0.1392;6;5;;0;42;0;4;12;1;3;0;0
0034a363-24f318c4;15s;0;0;0;0;0;night;1;1;-7.2;;-1.1;2.8;0;2.44;0.1786;48.6;4;;5;31;0;5;14;1;5;0;0
0034a363-24f318c4;20s;0;0;0;0;0;night;1;1;-9.3;;5.7;0.7;1;13.31;0.2406;32.4;4;;13;31;0;2;16;1;9;1;0
0034a363-24f318c4;25s;0;0;0;0;0;night;1;0;-2.8;;0;0.7;1;0;0.1234;49;4;;8;30;0;5;15;1;0;0;0
0034a363-24f318c4;30s;1;0;0;0;0;night;1;0;-1.65;;0;0.7;1;0;0.1078;50;4;;27;19;0;5;25;1;0;0;0
0034a363-24f318c4;35s;1;0;0;0;0;night;1;0;-1.4;;0;0.7;1;0;0.1066;49.8;4;;45;22;0;5;25;1;0;0;0
0035afff-3295dbd6;5s;0;0;0;0;0;night;1;0;-15.6;;-4.8;4.1;0;0.29;0.0766;3.8;4;;9;20;0;8;11;0;3;0;0
0035afff-3295dbd6;10s;0;0;0;0;0;night;1;0;-23.6;;-3.9;3.7;0;0.32;0.106;24.4;4;;0;20;0;7;11;0;2;0;0
0035afff-3295dbd6;15s;0;0;0;1;0;night;1;0;-20.1;;-6.7;5.5;0;0.08;0.0668;35.6;4;;0;27;0;8;15;0;1;0;0
0035afff-3295dbd6;20s;0;0;0;1;0;night;1;0;-16;;5.8;2.3;1;0.22;0.0902;8.8;4;;1;18;0;12;12;0;0;0;0
0035afff-3295dbd6;25s;0;1;0;0;0;night;1;0;-8.5;;0;0;0;0.44;0.0852;28;4;;1;22;0;7;12;0;0;0;0
0035afff-3295dbd6;30s;0;0;0;0;0;night;1;0;-13.55;;0;0;0;0.01;0.115;3;4;;2;30;0;0;20;0;0;0;0
0035afff-3295dbd6;35s;0;0;0;0;0;night;1;0;-27.55;;0;0;0;0.53;0.16;41.4;4;;4;14;0;0;16;0;0;0;0
0035afff-434368a1;5s;0;0;0;0;0;night;1;0;-19.35;;0;0;0;0.03;0.1586;2.6;4;;6;30;0;0;18;0;0;0;0
0035afff-434368a1;10s;0;0;0;1;0;night;1;1;-14;;0;0;0;0.03;0.1844;47.6;4;;2;50;0;1;19;0;2;0;0
0035afff-434368a1;15s;0;0;0;0;0;night;1;1;-13;;0;0;0;15.31;0.2878;16.2;4;;1;33;0;0;2;0;0;0;0
0035afff-434368a1;20s;0;0;0;0;0;night;1;1;-22.3;;0;0;0;0;0.1584;31.8;4;;3;55;0;0;7;0;3;2;0
0035afff-434368a1;25s;0;0;0;0;0;night;1;1;-10.35;;0;0;0;0;0.1096;20.6;4;;1;54;0;0;11;0;1;1;2
0035afff-434368a1;30s;0;0;0;0;0;night;1;1;-25.05;;0;0;0;0;0.1268;26.6;4;;1;52;0;0;11;0;0;0;0
0035afff-434368a1;35s;1;0;0;0;0;night;1;0;-7;;0;0;0;0;0.0668;50;4;;19;20;0;0;17;0;0;0;4
0035afff-47378fa3;5s;0;0;0;0;0;night;0;1;-12.5;;0;0;0;0;0.0634;36.8;4;;0;51;8;0;2;0;2;2;0
0035afff-47378fa3;10s;0;0;0;0;0;night;0;2;-1.55;;0;0;0;0;0.0256;23.4;4;;0;79;0;0;6;0;0;0;0
0035afff-47378fa3;15s;0;0;0;0;0;night;0;2;-12;;0;0;0;0.01;0.0554;0;5;;0;69;0;0;6;0;0;0;0
0035afff-47378fa3;20s;0;0;0;0;0;night;0;2;-7.55;;0;0;0;0.03;0.059;39.6;5;;1;62;0;0;13;0;2;0;0
0035afff-47378fa3;25s;0;0;0;0;0;night;0;1;-0.9;;0;0;0;0;0.0162;48.6;5;;0;46;0;0;31;0;3;0;0
0035afff-47378fa3;30s;0;0;0;0;0;night;0;1;-0.55;;0;0;0;0;0.0138;50;5;;1;51;0;0;33;0;1;0;0
0035afff-47378fa3;35s;0;0;0;0;0;night;0;1;-0.65;;0;0;0;0;0.0122;50;5;;0;46;0;0;33;0;1;0;0
0035afff-572b2d4e;5s;0;0;0;0;0;night;1;0;-2.6;;0;0.8;1;0;0.007;28.4;3;;1;27;0;0;0;0;1;0;0
0035afff-572b2d4e;10s;0;0;0;0;0;night;1;0;-2.4;;-1.1;1.4;0;0;0.011;17.4;4;;0;30;0;0;2;0;0;0;0
0035afff-572b2d4e;15s;0;0;0;0;0;night;1;1;-2.85;;0.4;0.7;1;0;0.0212;23.8;4;;0;36;0;0;12;0;5;0;0
0035afff-572b2d4e;20s;0;0;0;0;0;night;1;1;-2.95;;5.6;0.7;1;0.2;0.022;35.2;3;;2;45;0;0;28;0;3;0;0
0035afff-572b2d4e;25s;0;0;0;0;0;night;1;1;-5.35;;0;0.7;1;0;0.0076;42;4;;0;35;0;0;5;0;0;0;0
0035afff-572b2d4e;30s;0;0;0;0;0;night;1;0;-0.95;;0;0.7;1;0;-0.0012;39;4;;0;27;0;1;6;0;1;1;0
0035afff-572b2d4e;35s;0;0;0;0;0;night;1;1;-0.9;;0;0.7;1;0;-0.0016;39;4;;3;33;0;1;8;0;5;0;0
0035afff-bd191d6a;5s;1;0;0;0;0;night;0;1;-6.25;;0;0;0;0;0.0254;45.4;4;;2;39;5;0;1;0;0;0;0
0035afff-bd191d6a;10s;0;0;0;0;0;night;0;1;-7.35;;0;0;0;20.82;0.0086;13.4;4;;0;35;0;0;1;0;0;0;0
0035afff-bd191d6a;15s;0;0;0;0;0;night;0;1;-12.75;;0;0;0;0;0.1326;3.2;5;;1;47;0;0;0;0;0;0;0
0035afff-bd191d6a;20s;0;0;0;0;0;night;0;1;-22.6;;0;0;0;0.36;0.1294;17.2;5;;0;31;2;0;2;0;3;0;0
0035afff-bd191d6a;25s;0;0;0;0;0;night;0;1;-11.7;;0;0;0;0;0.0686;43.6;5;;1;38;4;0;0;0;1;0;0
0035afff-bd191d6a;30s;0;0;0;0;0;night;0;2;-1.3;;0;0;0;0;-0.0008;13.2;5;;0;65;0;0;0;0;4;0;0
0035afff-bd191d6a;35s;0;0;0;0;0;night;0;2;-7;;0;0;0;0.26;0.0872;1.6;5;;0;62;0;0;0;0;5;0;0
00378858-c5f802ac;5s;0;0;0;0;0;night;1;0;-12;;0;0;0;0.63;0.1136;37.8;4;;1;21;0;0;18;0;1;1;0
00378858-c5f802ac;10s;0;0;0;0;0;night;1;1;-18.25;;0;0;0;0.89;0.0836;27.2;4;;3;38;0;3;17;0;4;1;0
00378858-c5f802ac;15s;0;0;0;0;0;night;1;0;-44.05;;0;0;0;2.01;0.2654;40.2;4;;0;26;0;2;22;0;0;0;0
00378858-c5f802ac;20s;0;0;1;0;0;night;1;0;-18.65;;0;0;0;7.67;0.2902;35.6;4;;4;16;0;8;15;0;1;2;0
00378858-c5f802ac;25s;0;0;0;0;0;night;1;0;-20;;0;0;0;5.16;0.1614;18.2;4;;4;14;0;8;13;0;7;0;0
00378858-c5f802ac;30s;0;0;0;0;0;night;1;0;-16;;0;0;0;3.23;0.2998;26.6;4;;0;18;0;8;12;0;1;0;0
00378858-c5f802ac;35s;0;0;0;0;0;night;1;0;-18.94736842;;0;0;0;3.11;0.2358;30.4;4;;0;14;0;8;13;0;0;0;0
00390995-49d9a01e;5s;0;0;0;0;0;daytime;1;1;-8.6;;0;0;0;2.89;0.073;46.4;4;;5;59;0;0;1;0;2;0;2
00390995-49d9a01e;10s;0;0;0;0;0;daytime;1;2;-6.1;;0;0;0;10.51;0.0796;37.6;4;;0;62;0;0;1;0;0;1;0
00390995-49d9a01e;15s;0;0;0;0;0;daytime;1;2;-10.85;;0;0;0;7.27;0.1582;25.4;4;;0;65;0;0;0;0;1;0;0
00390995-49d9a01e;20s;0;0;0;0;0;daytime;1;2;-9.8;;0;0;0;1.33;0.1986;45.2;4;;1;70;0;0;0;0;7;0;0
00390995-49d9a01e;25s;0;0;0;0;0;daytime;1;2;-4;;0;0;0;27.25;0.1278;50;4;;1;65;0;0;0;0;0;0;0
00390995-49d9a01e;30s;0;0;0;0;0;daytime;1;1;-16.15;;0;0;0;2.95;0.1412;49.6;3;;0;55;0;0;0;0;0;0;0
00390995-49d9a01e;35s;0;0;0;0;0;daytime;1;1;-7;;0;0;0;0;0.1322;15.8;4;;2;59;0;0;0;0;0;0;0
003c4a61-52588960;5s;0;0;0;0;0;night;2;1;-12.3;;-3.2;4.8;0;6.36;0.1036;41.2;4;;0;38;0;0;7;0;0;0;0
003c4a61-52588960;10s;0;0;0;0;0;night;2;1;-8.45;;-4.1;5.9;0;0;0.0618;50;4;;0;51;0;0;0;0;0;0;0
003c4a61-52588960;15s;0;0;0;0;0;night;2;1;-9.4;;-4.1;6.8;0;5.52;0.0736;49.8;4;;0;47;0;0;8;0;2;0;0
003c4a61-52588960;20s;0;0;0;0;0;night;2;1;-25.85;;0;0;0;19.63;0.1024;46;4;;0;56;0;3;18;0;0;0;0
003c4a61-52588960;25s;0;0;0;0;0;night;2;1;-10.15;;0;0;0;23.91;0.0778;50;4;;0;48;0;3;11;0;1;2;0
003c4a61-52588960;30s;0;0;0;0;0;night;2;0;-1.8;;0;0;0;0;0.0158;50;4;;0;29;0;1;10;0;2;0;0
003c4a61-52588960;35s;0;0;0;0;0;night;2;0;-1.75;;0;0;0;0;0.014;50.2;4;;0;20;0;0;10;0;0;0;0
003e23ee-07d32feb;5s;0;0;0;0;0;daytime;2;0;-9.65;;0;0;1;0.63;0.0916;39;4;;0;22;0;5;12;0;1;0;0
003e23ee-07d32feb;10s;0;0;0;0;0;daytime;2;1;-10.9;;0;0;1;6.5;0.1012;39.8;4;;1;31;0;6;11;0;1;0;0
003e23ee-07d32feb;15s;0;0;0;0;0;daytime;2;0;-8.75;;0;0;1;8.77;0.0634;45.4;4;;1;28;0;8;12;0;2;0;0
003e23ee-07d32feb;20s;0;0;0;0;0;daytime;2;0;-7.5;;0;0;0;15.26;0.1778;30.8;4;;0;25;0;5;19;0;1;0;0
003e23ee-07d32feb;25s;0;0;0;0;0;daytime;2;1;-10.35;;-3.4;4.8;0;4.98;0.245;38.8;4;;1;42;0;0;24;0;2;0;0
003e23ee-07d32feb;30s;0;0;0;0;0;daytime;2;1;-9.6;;-1.1;2.9;0;9.22;0.0996;50;4;;2;36;0;0;37;0;2;0;0
003e23ee-07d32feb;35s;0;0;0;0;0;daytime;2;0;-12.8;;1.1;2.1;0;5.73;0.1458;37.8;4;;0;29;0;0;22;0;2;0;0
004071a4-049b7b85;5s;0;0;0;0;4;night;1;0;-16.2;;0;0;0;8.26;0.0562;7.4;4;;3;13;2;0;32;0;1;0;0
004071a4-049b7b85;10s;0;0;0;0;4;night;1;0;-13.15;;0;0;0;21.59;0.0688;9.4;4;;2;23;0;1;4;0;2;0;0
004071a4-049b7b85;15s;0;0;0;0;4;night;1;2;-9.1;;0;0;0;3.43;0.0936;45.6;4;;0;71;1;0;4;0;0;0;0
004071a4-049b7b85;20s;0;0;0;0;4;night;1;2;-20.75;;3.8;3.9;0;2.03;0.196;35.6;4;;1;83;1;0;2;0;4;0;0
004071a4-049b7b85;25s;0;0;0;0;4;night;1;2;-6.95;;0;0;1;8.91;0.0912;25.4;4;;4;64;0;0;4;0;2;0;0
004071a4-049b7b85;30s;0;0;0;0;4;night;1;2;-8.35;;0;0;0;4.33;0.1266;32.2;4;;6;73;0;0;7;0;1;0;0
004071a4-049b7b85;35s;1;0;0;0;4;night;1;1;-4.95;;0;0;0;4.77;0.0554;46.2;4;;9;40;0;0;6;0;0;0;0
004071a4-ef4bf541;5s;1;0;0;0;0;daytime;1;0;-4.157894737;;0;0;0;13.01;-0.002;3.2;4;;3;19;5;0;39;0;0;0;0
004071a4-ef4bf541;10s;1;0;0;0;0;daytime;1;0;-6.45;;0;0;0;13.6;-0.0008;0;4;;6;12;5;0;37;0;1;0;0
004071a4-ef4bf541;15s;0;0;0;0;0;daytime;1;0;-13.3;;0;0;0;0.69;-0.0164;9.8;3;;2;17;7;0;16;0;1;0;0
004071a4-ef4bf541;20s;0;0;0;0;0;daytime;1;1;-30.85;;0;0;0;5.58;0.1488;14.2;4;;0;45;0;5;1;0;1;0;0
004071a4-ef4bf541;25s;0;0;0;0;0;daytime;1;2;-31.7;;1.1;3.8;1;9.67;0.095;49.6;4;;7;76;1;1;10;0;0;0;0
004071a4-ef4bf541;30s;1;0;0;0;0;daytime;1;1;-2.2;;1.1;2.7;1;0;0.0384;48.4;4;;6;56;0;0;21;0;0;0;0
004071a4-ef4bf541;35s;0;0;0;0;0;daytime;1;1;-1.3;;0;2.1;1;0;0.0318;50;4;;4;46;0;0;21;0;1;0;0
00417c23-220bbc98;5s;0;0;0;0;1;dawn/dusk;2;0;-8.857142857;;0;0;0;2.16;-0.0126;0;4;;0;26;0;0;1;0;0;0;0
00417c23-220bbc98;10s;0;0;0;0;1;dawn/dusk;2;1;-21.3;;0;0;0;1.44;0.0586;3.8;4;;0;39;0;0;4;0;0;0;0
00417c23-220bbc98;15s;0;0;0;0;1;dawn/dusk;2;1;-23.1;;1.4;5.2;1;2.63;0.0794;11.4;4;;0;31;0;0;2;0;0;0;0
00417c23-220bbc98;20s;0;0;0;0;1;dawn/dusk;2;1;-11.55;;5.2;1.8;1;1.71;0.0392;7;4;;0;37;0;0;0;0;0;0;0
00417c23-220bbc98;25s;0;0;0;0;1;dawn/dusk;2;0;-12.95;;-1.8;2.1;0;7.31;-0.006;22.4;3;;0;22;0;0;0;0;0;0;0
00417c23-220bbc98;30s;0;0;0;0;1;dawn/dusk;2;0;-11.75;;-2.1;3.8;0;3.08;-0.0168;0.4;4;;0;29;0;0;0;0;0;0;0
00417c23-220bbc98;35s;0;0;0;0;1;dawn/dusk;2;1;-10.2;;-2.1;5.8;0;3.53;0.007;0;4;;0;41;0;0;0;0;0;0;0
00423717-0ef3c8dc;5s;0;0;0;0;0;night;1;0;-16.7;;0;0;0;0.4;0.265;27.6;5;;0;22;0;0;3;0;2;0;0
00423717-0ef3c8dc;10s;0;0;0;0;0;night;1;0;-18.35;;0;0;0;0.45;0.1448;23;4;;0;30;0;0;4;0;14;0;0
00423717-0ef3c8dc;15s;0;0;0;0;0;night;1;0;-22.75;;0;0;0;0.22;0.1618;27.6;5;;0;14;0;0;15;0;1;0;0
00423717-0ef3c8dc;20s;0;0;0;0;0;night;1;0;-17.1;;0;0;0;0.5;0.138;35.8;5;;0;17;0;1;18;0;5;0;0
00423717-0ef3c8dc;25s;0;0;0;0;0;night;1;0;-9.55;;0;0;0;0.42;0.0274;47.8;5;;0;14;0;0;27;0;3;0;0
00423717-0ef3c8dc;30s;0;0;0;0;0;night;1;0;-0.3;;0;0;0;0;0.0006;50;5;;0;6;0;0;21;0;9;0;0
00423717-0ef3c8dc;35s;0;0;0;0;0;night;1;0;-0.5;;0;0;0;0;0.0018;49.8;5;;0;5;0;0;21;0;7;0;0
00423717-eba4da41;5s;0;0;0;0;0;night;1;1;-11.05;;0;0;0;2.66;0.1718;10.6;3;;0;38;0;0;3;0;1;0;0
00423717-eba4da41;10s;0;0;0;0;0;night;1;0;-11.7;;0;0;0;5.55;0.1894;45.2;3;;0;15;3;0;5;0;0;0;0
00423717-eba4da41;15s;0;0;0;0;0;night;1;1;-11.2;;0;0;0;5.19;0.123;10;4;;1;33;0;0;14;0;0;0;0
00423717-eba4da41;20s;0;0;0;0;0;night;1;0;-18.45;;0;0;0;1.34;0.2842;33;3;;0;23;0;0;14;0;0;0;0
00423717-eba4da41;25s;0;0;0;0;0;night;1;0;-6.05;;0;0;0;10.72;0.0348;48;3;;4;17;0;5;13;0;1;0;0
00423717-eba4da41;30s;0;0;0;0;0;night;1;0;-0.2;;0;0;0;0;-0.0122;50;4;;0;15;0;1;20;0;7;0;0
00423717-eba4da41;35s;0;0;0;0;0;night;1;0;-0.3;;0;0;0;0;-0.0128;49.8;3;;0;17;0;1;20;0;6;0;0
00423ac5-1fa7ff43;5s;0;0;0;0;0;night;1;0;-28.75;;0;0;0;0.32;0.1512;31.8;4;;6;25;0;1;16;0;1;0;0
00423ac5-1fa7ff43;10s;0;0;0;0;0;night;1;0;-11.35;;0;0;0;0.49;0.0836;22.4;4;;5;20;0;1;22;0;5;0;0
00423ac5-1fa7ff43;15s;0;0;0;0;0;night;1;0;-23.65;;0;0;0;0.16;0.09;27.4;4;;1;16;0;0;16;0;0;0;0
00423ac5-1fa7ff43;20s;0;0;0;0;0;night;1;0;-18.3;;4.2;1.4;1;0.03;0.1772;44;3;;0;19;0;2;18;0;0;0;0
00423ac5-1fa7ff43;25s;0;0;0;0;0;night;1;0;-6.7;;-3.8;3.2;0;0;0.0316;31.2;3;;7;20;0;0;27;0;1;0;0
00423ac5-1fa7ff43;30s;0;0;0;1;0;night;1;0;-8.65;;0;0;0;0;0.1068;28.2;4;;15;27;0;1;19;0;2;0;0
00423ac5-1fa7ff43;35s;0;0;0;0;0;night;1;0;-3.65;;0;0;0;0;0.0146;49.8;4;;21;24;0;3;11;0;1;0;0
0045e757-02530231;5s;0;0;0;0;0;night;1;0;-27.1;;0;0;0;0;0.2176;28.4;4;;0;26;0;3;10;0;0;0;0
0045e757-02530231;10s;0;0;0;0;0;night;1;1;-21;;0;0;0;0.07;0.1948;35.6;4;;0;36;0;0;11;0;0;0;0
0045e757-02530231;15s;0;0;0;0;0;night;1;1;-25.6;;0;0;0;0.12;0.1256;30;4;;0;37;0;0;16;0;0;0;0
0045e757-02530231;20s;0;0;0;0;0;night;1;1;-136.75;;0;0;0;0;0.2658;36.6;4;;0;42;0;0;3;0;1;0;0
0045e757-02530231;25s;0;0;0;0;0;night;1;1;-29.5;;0;0;0;0;0.0924;48.4;4;;0;37;0;0;19;0;0;0;0
0045e757-02530231;30s;0;0;0;0;0;night;1;1;-1.35;;0;0;0;0;-0.0152;50;4;;3;58;0;0;29;0;0;0;0
0045e757-02530231;35s;0;0;0;0;0;night;1;2;-1.55;;0;0;0;0;-0.0168;50;4;;1;65;0;0;29;0;0;0;0
0045e757-088840fc;5s;0;0;0;0;0;night;0;1;-35.35;;0;0;0;0.19;0.1364;32.2;3;;0;41;0;1;11;1;3;0;0
0045e757-088840fc;10s;0;0;0;0;0;night;0;1;-35.45;;0;0;0;0;0.1198;34.8;3;;0;37;0;0;14;1;2;0;0
0045e757-088840fc;15s;0;0;0;0;0;night;0;1;-14.7;;0;0;0;0.03;0.0688;24.6;3;;0;56;0;0;7;1;1;0;0
0045e757-088840fc;20s;0;0;0;0;0;night;0;1;-28.75;;0;0;0;0.04;0.149;36.6;3;;0;51;0;0;14;1;0;0;0
0045e757-088840fc;25s;0;0;0;0;0;night;0;0;-13.7;;0;0;0;0;0.0146;46.6;3;;0;23;0;0;13;1;2;0;0
0045e757-088840fc;30s;0;0;0;0;0;night;0;0;-1.6;;0;0;0;0;-0.0278;45;3;;0;26;0;1;11;1;2;0;0
0045e757-088840fc;35s;0;0;0;0;0;night;0;0;-1.3;;0;0;0;0.02;-0.0312;43.8;4;;0;28;0;2;12;1;2;0;0
0045e757-66a334b5;5s;0;0;0;0;0;night;1;0;-38.8;;0;0;0;0.16;0.162;29.4;4;;1;20;0;3;23;0;2;1;0
0045e757-66a334b5;10s;0;0;0;0;0;night;1;1;-17.75;;0;0;0;0.12;0.1254;23.4;4;;0;43;0;3;19;0;4;0;0
0045e757-66a334b5;15s;0;0;0;0;0;night;1;1;-12.05;;0;0;0;3.17;0.0956;24.6;4;;0;37;0;4;31;0;2;0;0
0045e757-66a334b5;20s;0;0;0;0;0;night;1;0;-16.4;;0;0;0;1.88;0.0592;44.2;4;;0;15;0;0;36;0;2;0;0
0045e757-66a334b5;25s;0;0;0;0;0;night;1;1;-2.1;;0;0;0;0;-0.0108;47.4;4;;0;39;0;0;46;0;0;0;0
0045e757-66a334b5;30s;0;0;0;0;0;night;1;1;-2.65;;0;0;0;0;-0.0066;47.4;4;;0;45;0;0;58;0;0;0;0
0045e757-66a334b5;35s;1;0;0;0;0;night;1;1;-2.25;;0;0;0;0;-0.007;47.4;4;;0;40;0;0;58;0;2;0;0
004855fc-ff3946ad;5s;0;0;0;1;0;daytime;2;0;-9;;0;0;0;6.88;0.0802;14.6;4;;17;12;0;0;16;0;1;0;0
004855fc-ff3946ad;10s;0;0;0;1;0;daytime;2;0;-18.9;;0;0;0;3.68;0.1922;0;4;;4;22;0;0;11;0;1;0;0
004855fc-ff3946ad;15s;0;0;0;1;0;daytime;2;1;-20.28571429;;0;0;0;1.35;0.247;2.8;4;;8;35;0;0;0;0;0;0;0
004855fc-ff3946ad;20s;0;0;0;0;0;daytime;2;1;-13.6;;0;0;0;1.28;0.2724;16.8;4;;5;43;0;0;2;0;2;0;0
004855fc-ff3946ad;25s;0;0;0;0;0;daytime;2;2;-4.6;;0;0;0;3.93;0.0908;41;4;;1;70;0;0;0;0;9;0;0
004855fc-ff3946ad;30s;0;0;1;0;0;daytime;2;2;-7.95;;-2.8;3.2;0;2.95;0.069;0;4;;1;73;0;0;0;0;8;0;0
004855fc-ff3946ad;35s;0;0;0;0;0;daytime;2;2;-6.4;;0;0;0;0.54;0.1184;0.4;4;;3;84;0;0;0;0;8;0;0
00495359-1d04dd8a;5s;0;0;0;0;0;daytime;0;0;-12.75;;0;0;0;0;0.0264;0;4;;0;9;0;0;0;0;8;0;0
00495359-1d04dd8a;10s;0;0;0;0;0;daytime;0;0;-34.7;;0;0;0;0;0.0818;8.6;3;;2;11;0;0;0;0;9;0;0
00495359-27ce9c7e;5s;0;0;0;0;1;daytime;1;1;-1.05;;0;0;0;0;0.0254;0;3;;10;39;0;0;34;2;0;0;0
00495359-27ce9c7e;15s;0;0;0;0;1;daytime;1;1;-1;;0;0;0;0;0.024;0;4;;11;50;0;0;31;2;0;0;0
00495359-27ce9c7e;20s;0;0;0;0;1;daytime;1;1;-0.9;;0;0;0;0;0.273;9.8;4;;9;52;0;0;38;2;0;0;0
004ea016-0b1932a7;5s;0;0;0;0;2;daytime;2;0;-38.75;;0;0;0;0.28;0.2182;20.2;4;;0;20;0;1;0;0;5;0;0
004ea016-0b1932a7;10s;0;0;0;0;2;daytime;2;0;-29.25;;0;0;0;0.21;0.2068;28.8;4;;1;29;0;0;0;0;0;0;0
004ea016-0b1932a7;15s;0;0;0;0;2;daytime;2;1;-50.15;;0;0;0;0.19;0.2742;40;4;;0;36;0;1;0;0;4;0;0
004ea016-0b1932a7;25s;0;0;0;0;2;daytime;2;2;-11.25;;-0.8;2.3;1;4.07;0.005;0.2;4;;5;62;0;1;10;0;1;0;0
004ea016-0b1932a7;30s;0;0;0;0;2;daytime;2;2;-6.75;;0.5;2.1;1;0;0.0056;23;4;;0;69;0;0;11;0;3;0;0
004ea016-0b1932a7;35s;0;0;0;0;2;daytime;2;1;-4;;0;2.1;1;0;0;1.8;5;;5;57;0;0;15;0;8;0;0
00516b75-7ac91661;5s;0;0;0;0;0;night;1;0;-70.8;;0;0;0;1.72;0.1912;43.6;4;;0;17;0;2;0;0;3;0;0
00516b75-7ac91661;10s;0;0;0;0;0;night;1;0;-43.65;;0;0;0;2.03;0.2744;45.4;4;;0;16;0;0;2;0;1;0;0
00516b75-7ac91661;15s;0;0;0;0;0;night;1;1;-85.5;;0;0;0;1.88;0.2406;45.6;4;;0;31;0;0;0;0;2;0;0
00516b75-7ac91661;20s;0;0;0;0;0;night;1;0;-49.8;;0;0;0;1.75;0.2072;47;3;;0;14;0;0;4;0;0;0;0
00516b75-7ac91661;25s;0;0;0;0;0;night;1;0;-51.25;;0;0;0;1.62;0.2148;48.4;3;;0;9;0;0;4;0;3;0;0
00516b75-7ac91661;30s;0;0;0;0;0;night;1;0;-15.35;;0;0;0;0.01;0.2148;43.6;4;;0;22;0;0;1;0;1;0;0
00516b75-7ac91661;35s;0;0;0;0;0;night;1;1;-19.15;;0;0;0;0.07;0.1198;34.8;4;;0;32;0;0;1;0;0;0;0
0051e391-d32a618e;5s;0;0;0;0;3;daytime;1;0;-4.6;;-1.1;2.1;1;6.83;0.118;20.4;3;;0;15;0;0;10;0;9;0;0
0051e391-d32a618e;10s;0;0;0;0;3;daytime;1;0;-12.05;;-1.3;3.2;1;3.03;0.1864;23;4;;3;25;0;0;16;0;8;0;0
0051e391-d32a618e;15s;0;0;0;0;3;daytime;1;1;-15.75;;0;0;0;1.83;0.1816;27.8;4;;8;43;0;0;31;0;8;1;0
0051e391-d32a618e;20s;0;1;0;0;3;daytime;1;2;-36.95;;0;0;0;1.62;0.3196;32.4;4;;1;63;0;0;1;0;7;0;0
0051e391-d32a618e;25s;0;1;0;0;3;daytime;1;2;-62.85;;0;0;0;0.89;0.3462;33.2;3;;0;72;0;0;1;0;4;0;0
0051e391-d32a618e;30s;0;1;0;0;3;daytime;1;2;-53.45;;0;0;0;18.85;0.3438;33;4;;0;61;2;0;3;0;0;1;0
0051e391-d32a618e;35s;0;0;0;0;3;daytime;1;1;-29.7;;0;0;0;18.61;0.2534;38.8;4;;1;60;4;0;0;0;6;0;0
0052b279-87c692aa;5s;0;0;0;0;0;daytime;1;2;-20.42105263;;0;0;0;0.05;0.0864;35.4;4;;1;65;0;0;14;0;2;0;1
0052b279-87c692aa;10s;0;0;0;0;0;daytime;1;2;-19.85;;0;0;0;0.19;0.1418;48;4;;3;77;0;0;10;0;0;0;1
0052b279-87c692aa;15s;0;0;0;0;0;daytime;1;2;-10.05;;0;0;0;0.23;0.0758;49.2;4;;4;66;0;0;9;0;2;0;2
0052b279-87c692aa;20s;0;0;0;0;0;daytime;1;2;-11.45;;0;0;0;0.42;0.1084;50;4;;18;63;0;5;6;0;2;0;0
0052b279-87c692aa;25s;1;0;0;0;0;daytime;1;0;-6.315789474;;0;0;0;0;-0.0036;50.6;4;;48;9;0;15;24;0;0;0;0
0052b279-87c692aa;30s;1;0;0;0;0;daytime;1;0;-4.315789474;;0;0;0;0;-0.042;50.8;4;;45;7;0;13;29;0;0;0;0
0052b279-87c692aa;35s;0;0;0;0;0;daytime;1;0;-4;;0;0;0;0;-0.0398;51;4;;52;15;0;10;28;0;0;0;0
005645a1-dbe34c9d;5s;0;0;0;0;0;night;1;1;-1.75;;0;0;1;40.4;0.0484;0.2;4;;0;32;0;0;12;0;4;0;0
005645a1-dbe34c9d;10s;0;0;0;0;0;night;1;1;-2.4;;0;0;1;0.03;0.0496;1;4;;0;35;0;0;15;0;5;0;0
005645a1-dbe34c9d;15s;0;0;0;0;0;night;1;0;-3.45;;0;0;0;0.22;0.0508;1.8;4;;0;29;0;0;21;0;5;0;0
005645a1-dbe34c9d;20s;0;0;0;0;0;night;1;0;-7.1;;0;0;0;2.73;0.0504;1.8;4;;2;27;0;0;28;0;4;0;0
005645a1-dbe34c9d;25s;0;0;0;0;0;night;1;0;-17;;0;0;0;0.57;0.2484;7.2;4;;2;23;0;0;23;0;4;0;0
005645a1-dbe34c9d;30s;0;0;0;0;0;night;1;0;-2.4;;0;0;0;1.98;0.0548;2.2;4;;0;30;0;0;15;0;4;0;0
005645a1-dbe34c9d;35s;0;0;0;0;0;night;1;0;-3.55;;-1.9;3.2;0;0.49;0.0648;0;4;;0;26;0;0;23;0;4;0;0
00589f25-4cf2b9e0;5s;0;0;0;0;0;daytime;1;1;-10.35;;0;0;0;1.7;0.1348;20;4;;14;60;0;0;3;0;3;0;0
00589f25-4cf2b9e0;10s;0;0;0;0;0;daytime;1;2;-10.45;;0;0;0;0.81;0.1464;42.4;4;;5;73;0;0;0;0;3;0;0
00589f25-4cf2b9e0;15s;0;0;0;0;0;daytime;1;1;-15.15;;0;0;0;1.41;0.121;46.2;4;;25;51;0;4;5;0;3;0;0
00589f25-4cf2b9e0;20s;0;0;0;0;0;daytime;1;1;-7.8;;0;0;0;1.81;0.1158;32;4;;39;38;0;5;21;0;3;0;0
00589f25-4cf2b9e0;25s;0;0;0;0;0;daytime;1;0;-4.25;;0;0;0;39.33;0.0644;26.4;4;;51;27;0;1;35;0;5;0;0
00589f25-4cf2b9e0;30s;0;0;0;0;0;daytime;1;0;-1.5;;0;0;0;49.25;0.057;32.2;4;;63;22;0;5;37;0;2;1;0
00589f25-4cf2b9e0;35s;1;0;0;0;0;daytime;1;0;-1.8;;0;0;0;23.99;0.0562;18.8;4;;63;14;0;3;41;0;4;0;2
0059f17f-f0882eef;5s;0;0;0;0;0;night;2;0;-27.4;;0;0;0;0.05;0.0966;42.6;4;;0;9;0;2;0;0;0;0;0
0059f17f-f0882eef;10s;0;0;0;0;0;night;2;0;-9.5;;0;0;0;1.85;0.0998;45.6;4;;0;13;0;0;2;0;0;0;0
0059f17f-f0882eef;15s;0;0;0;0;0;night;2;0;-21.3;;0;0;0;7.78;0.2604;44;4;;0;18;0;0;0;0;0;0;0
0059f17f-f0882eef;20s;0;0;0;0;0;night;2;0;-13.2;;0;0;0;3.84;0.1524;36.6;4;;0;17;0;0;0;0;1;0;0
0059f17f-f0882eef;25s;0;0;0;1;0;night;2;0;-17.85;;0;0;1;17.31;0.1612;49.2;4;;0;11;0;0;5;0;0;0;0
0059f17f-f0882eef;30s;0;0;0;1;0;night;2;0;-13.65;;0;0;0;6.56;0.057;15.2;4;;0;14;0;0;5;0;3;0;0
0059f17f-f0882eef;35s;0;0;0;0;0;night;2;0;-22.35;;0;0;0;15.96;0.2758;25.8;4;;0;19;0;0;2;0;0;0;0
005c4fd3-cb4d6287;5s;0;0;0;0;4;dawn/dusk;1;1;-8.9;;0;0;0;3.47;0.0008;21.4;4;;1;47;0;0;12;0;0;0;0
005c4fd3-cb4d6287;10s;0;0;0;0;4;dawn/dusk;1;2;-3.05;;0;0;0;2.19;0.0532;40.8;4;;2;73;0;0;2;0;0;0;0
005c4fd3-cb4d6287;15s;0;0;0;0;4;dawn/dusk;1;2;-4.05;;0;0;0;5.01;0.043;50;3;;0;76;1;0;6;0;0;0;0
005c4fd3-cb4d6287;20s;0;0;0;0;4;dawn/dusk;1;2;-4.25;;0;0;0;17.69;0.0808;40;4;;0;84;0;0;8;0;2;0;0
005c4fd3-cb4d6287;25s;0;0;0;0;4;dawn/dusk;1;2;-4.3;;0;0;0;6.79;0.0364;50;4;;0;82;0;0;12;0;1;1;0
005c4fd3-cb4d6287;30s;0;0;0;0;4;dawn/dusk;1;2;-3.3;;0;0;0;12.46;0.0274;50;3;;0;67;1;0;9;0;2;0;0
005c4fd3-cb4d6287;35s;0;0;0;0;4;dawn/dusk;1;2;-2.6;;0;0;0;21.9;0.0322;49.8;3;;1;72;0;0;7;0;2;0;0
005cdef0-180a776c;5s;0;0;0;0;2;daytime;2;0;-27.5;;0;0;1;0.28;0.1712;35.6;4;;0;21;0;0;2;0;5;0;0
005cdef0-180a776c;10s;0;0;0;1;2;daytime;2;1;-13.8;;0;0;1;1.06;0.1062;22.6;4;;0;32;0;1;1;0;5;0;0
005cdef0-180a776c;15s;0;0;0;0;2;daytime;2;1;-36.35;;0;0;0;1.01;0.1868;29.8;4;;1;43;0;1;7;0;7;0;0
005cdef0-180a776c;20s;0;0;0;0;2;daytime;2;1;-25.8;;0;0;0;1.76;0.1768;47;4;;0;40;0;0;3;0;4;0;0
005cdef0-180a776c;25s;0;0;0;0;2;daytime;2;0;-33.9;;0;0;0;0.81;0.1762;29.6;4;;0;25;0;0;0;0;4;0;0
005cdef0-180a776c;30s;0;0;0;0;2;daytime;2;1;-28.65;;0;0;0;2.02;0.1572;9.4;4;;0;43;1;0;1;0;0;0;0
005cdef0-180a776c;35s;0;0;0;0;2;daytime;2;0;-14.05;;0;0;0;0.55;0.1022;44.4;4;;0;17;0;0;2;0;1;0;0
005ee183-0100ac18;5s;0;0;0;0;2;daytime;1;0;-9.2;;0;0;0;1.45;0.0876;0.4;4;;13;27;0;0;15;0;0;0;0
005ee183-0100ac18;10s;0;0;0;0;2;daytime;1;1;-9.4;;0;0;0;2.69;0.1392;24.6;4;;3;55;0;0;3;0;3;0;0
005ee183-0100ac18;15s;0;0;0;0;2;daytime;1;0;-10.95;;0;0;0;2.1;0.3622;32.2;4;;7;30;0;0;0;0;10;1;1
005ee183-0100ac18;20s;0;0;0;0;2;daytime;1;0;-10.45;;0;0;0;6.92;0.2708;31;3;;4;16;0;7;7;0;5;0;0
005ee183-0100ac18;25s;0;0;0;0;2;daytime;1;0;-7.95;;0;0;0;35.23;0.3088;26;3;;10;17;0;5;7;0;7;0;0
005ee183-0100ac18;30s;0;0;0;0;2;daytime;1;1;-10.75;;0;0;0;14.15;0.452;25.2;3;;14;35;0;3;4;0;1;0;0
005ee183-0100ac18;35s;0;0;0;0;2;daytime;1;2;-25.15;;0;0;0;15.31;0.3786;22.6;3;;2;75;0;6;4;0;1;0;2
005ee183-bcfab89f;5s;0;0;0;0;0;daytime;1;1;-12.25;;0;0;0;2.97;0.2164;3.4;3;;5;42;0;1;7;0;3;0;0
005ee183-bcfab89f;10s;0;0;1;0;0;daytime;1;2;-22.9;;0;0;0;3.93;0.3062;20.4;3;;11;64;1;1;3;0;5;0;0
005ee183-bcfab89f;15s;0;0;0;0;0;daytime;1;2;-24.95;;0;0;0;1.15;0.2728;17.8;3;;7;63;0;3;14;0;5;0;0
005ee183-bcfab89f;20s;0;0;0;0;0;daytime;1;1;-21.55;;5.6;5.1;1;0.96;0.1574;15.4;3;;7;49;0;4;13;0;2;0;0
005ee183-bcfab89f;25s;0;0;0;0;0;daytime;1;1;-4.15;;-3.4;2.1;1;1.86;0.1036;49.6;4;;6;52;0;0;25;0;2;0;0
005ee183-bcfab89f;30s;0;0;0;0;0;daytime;1;1;-4.5;;0;0;0;6.13;0.0506;13.4;4;;4;42;0;0;42;0;0;0;0
005ee183-bcfab89f;35s;0;0;0;0;0;daytime;1;1;-1.9;;0;0;0;0;0.0128;35.2;4;;16;58;0;0;37;0;0;0;0
005fd7be-d8e0dc65;5s;0;0;0;0;0;night;1;1;-4.85;;0;0;0;9.18;0.0002;49.2;4;;0;38;1;0;1;0;0;0;0
005fd7be-d8e0dc65;10s;0;0;0;0;0;night;1;1;-2.5;;0;0;0;2.53;-0.0164;33;4;;1;37;0;0;0;0;0;0;1
005fd7be-d8e0dc65;15s;0;0;0;0;0;night;1;1;-11.8;;0;0;0;0.66;0.0552;0.6;4;;1;50;0;0;0;0;0;0;1
005fd7be-d8e0dc65;20s;0;0;0;0;0;night;1;2;-6.75;;0;0;0;14.31;0.1436;38.6;4;;0;67;0;0;1;0;0;0;0
005fd7be-d8e0dc65;25s;0;0;0;0;0;night;1;0;-6.35;;0;0;0;21.99;0.1734;50;4;;0;22;0;0;9;0;1;0;0
005fd7be-d8e0dc65;30s;0;0;0;0;0;night;1;0;-1.9;;0;0;0;0;0.0222;49.8;4;;0;16;0;0;10;0;0;0;1
005fd7be-d8e0dc65;35s;0;0;0;0;0;night;1;0;-1.95;;0;0;0;0;0.0184;50;4;;0;15;0;0;9;0;0;0;0
005ff190-5be4cdfa;5s;0;0;0;0;0;night;1;0;-50.8;;0;0;0;0.2;0.2632;25;4;;0;4;0;0;0;0;0;0;0
005ff190-5be4cdfa;10s;0;0;1;0;0;night;1;0;-41.1;;0;0;0;3.19;0.26;25;4;;0;21;0;3;1;0;0;0;0
005ff190-5be4cdfa;15s;0;0;0;0;0;night;1;0;-51;;0;0;0;1.93;0.2906;32.6;4;;0;26;0;5;0;0;1;0;0
005ff190-5be4cdfa;20s;0;0;0;0;0;night;1;0;-48.95;;5.4;2.1;1;1.4;0.21;48.4;4;;0;24;0;2;0;0;6;0;0
005ff190-5be4cdfa;25s;0;0;0;0;0;night;1;0;-23.65;;0;0;0;0;0.1204;48.6;4;;0;25;0;3;0;0;4;0;0
005ff190-5be4cdfa;30s;0;0;0;0;0;night;1;0;-29.8;;0;0;0;0;0.1406;25.8;4;;0;22;0;0;0;0;7;0;0
005ff190-5be4cdfa;35s;0;0;0;0;0;night;1;0;-40.15;;0;0;0;0.12;0.1616;45.2;4;;0;22;0;0;0;0;2;0;0
00618cec-3bc5573e;5s;0;0;0;0;0;daytime;2;1;-13.4;;0;0;0;3.08;0.1878;3.6;4;;6;58;0;1;38;0;7;0;0
00618cec-3bc5573e;10s;0;0;0;0;0;daytime;2;2;-39.15;;0;0;0;2.41;0.205;7.2;4;;0;66;1;1;18;0;6;0;0
00618cec-3bc5573e;15s;0;0;0;0;0;daytime;2;1;-65.05;;0;0;0;1.06;0.234;15.8;4;;2;43;0;0;6;0;2;0;0
00618cec-3bc5573e;20s;0;0;0;0;0;daytime;2;0;-33.05;;5.9;4.2;1;1.02;0.2762;10.4;4;;0;28;0;3;11;0;10;0;0
00618cec-3bc5573e;25s;0;0;0;0;0;daytime;2;1;-27;;-1.9;5.9;1;1.6;0.1688;41.2;4;;2;45;0;2;12;0;13;0;1
00618cec-3bc5573e;30s;0;0;0;0;0;daytime;2;1;-21.2;;0;0;0;6.34;0.2004;2.6;4;;3;45;0;2;11;0;18;0;0
00618cec-3bc5573e;35s;0;0;0;0;0;daytime;2;0;-10.45;;0;1.7;0;5.29;0.1046;31.6;4;;1;28;0;1;8;0;11;0;0
00618cec-a7f7e470;5s;0;0;0;0;0;daytime;1;0;-12.85;;0;0;0;9.64;0.2674;13.2;4;;2;17;5;0;6;0;0;0;0
00618cec-a7f7e470;10s;0;0;0;0;0;daytime;1;1;-12.95;;0;0;0;19.87;0.087;24.2;4;;5;34;0;0;12;0;0;0;2
00618cec-a7f7e470;15s;0;0;0;0;0;daytime;1;1;-50.5;;0;0;0;5.9;0.2882;8.8;3;;4;53;1;0;3;0;0;2;0
00618cec-a7f7e470;20s;0;0;0;0;0;daytime;1;2;-18.3;;0;0;0;1.52;0.1498;8.2;4;;1;77;0;0;8;0;1;0;1
00618cec-a7f7e470;25s;0;0;0;0;0;daytime;1;2;-9.2;;0;0;0;6.03;0.1416;44.4;4;;0;84;0;0;34;0;0;2;0
00618cec-a7f7e470;30s;0;0;0;0;0;daytime;1;2;-2;;0;0;0;0;0.0642;0;4;;0;101;0;0;41;0;0;5;0
00618cec-a7f7e470;35s;0;0;0;0;0;daytime;1;2;-2.15;;0;0;0;0;0.0654;0;4;;0;95;0;0;43;0;0;5;0
00618cec-ef92ac05;5s;0;0;0;0;0;daytime;1;1;-5.9;;0;0;0;7.85;0.0612;0;4;;7;44;0;4;14;0;7;0;0
00618cec-ef92ac05;10s;0;0;0;0;0;daytime;1;1;-8.85;;0;0;0;2.4;0.1062;0;4;;8;49;0;3;17;0;7;0;0
00618cec-ef92ac05;15s;0;0;0;0;0;daytime;1;1;-13.6;;0;0;0;2.63;0.1534;0.8;4;;2;40;0;2;3;0;5;0;0
00618cec-ef92ac05;20s;0;0;0;0;0;daytime;1;0;-26.2;;0;0;0;12.89;0.1574;22.2;4;;1;11;0;0;18;0;6;0;0
00618cec-ef92ac05;25s;0;0;0;0;0;daytime;1;0;-6.45;;0;0;0;6.64;0.155;24.4;3;;1;6;1;0;4;0;11;0;0
00618cec-ef92ac05;30s;0;0;0;0;0;daytime;1;0;-6.4;;0;0;0;10.34;0.0714;0;3;;5;8;0;0;1;0;7;0;0
00618cec-ef92ac05;35s;0;0;0;0;0;daytime;1;0;-40.35;;0;0;0;0;0.5242;6;4;;12;1;0;0;1;0;5;0;0
0062298d-2d787502;5s;0;0;0;0;0;night;1;0;-2.6;;0;0;1;23.09;0.047;42.2;4;;0;27;0;0;12;0;1;0;0
0062298d-2d787502;10s;0;0;0;0;0;night;1;1;-5.35;;0;0;0;1.44;0.1026;8.2;4;;0;43;0;0;16;0;0;0;0
0062298d-2d787502;15s;0;0;0;0;0;night;1;1;-21.95;;0;0;0;26.18;0.1512;35;4;;0;58;0;0;21;0;0;0;0
0062298d-2d787502;20s;0;0;0;0;0;night;1;1;-38.25;;2.8;3.9;1;2.86;0.3156;44.6;4;;0;42;0;1;13;0;2;0;0
0062298d-2d787502;25s;0;0;0;0;0;night;1;1;-23.15;;0;0;0;2.32;0.1966;36.8;4;;0;41;0;4;0;0;2;0;0
0062298d-2d787502;30s;0;0;0;0;0;night;1;1;-10.1;;0;0;0;1.6;0.1072;21;4;;0;32;0;0;3;0;0;0;0
0062298d-2d787502;35s;0;0;0;0;0;night;1;1;-22.1;;0;0;0;0;0.1536;39.6;4;;3;38;0;0;14;0;0;1;0
0062298d-cbbec2cd;5s;0;0;0;0;0;night;2;0;-6.8;;-2.9;4.2;0;0;0.0694;25.4;4;;0;22;0;0;15;0;0;0;0
0062298d-cbbec2cd;10s;0;0;0;0;0;night;2;1;-20.65;;0;0;0;0.48;0.1588;11.2;4;;0;40;0;0;12;0;1;0;0
0062298d-cbbec2cd;15s;0;0;0;0;0;night;2;1;-20;;0;0;0;19.09;0.1738;20.2;4;;0;36;0;0;2;0;0;0;0
0062298d-cbbec2cd;20s;0;0;0;0;0;night;2;1;-34.7;;2.9;6.1;1;18.22;0.2062;41.2;4;;0;35;0;0;11;0;1;0;0
0062298d-cbbec2cd;25s;0;0;0;0;0;night;2;0;-10.4;;1.2;3.8;1;0;0.1366;49.8;4;;0;28;0;0;26;0;1;1;0
0062298d-cbbec2cd;30s;0;0;0;0;0;night;2;1;-1.5;;0;3.8;1;0;0.0678;50;4;;0;36;0;0;51;0;0;0;0
0062298d-cbbec2cd;35s;0;0;0;0;0;night;2;0;-1.35;;0;3.8;1;0;0.065;50;4;;0;26;0;0;37;0;1;0;0
0062298d-e6abad2f;5s;0;0;0;0;0;night;0;1;-16.25;;0;0;0;14.84;0.1454;44.8;2;;1;44;0;0;0;0;0;0;0
0062298d-e6abad2f;10s;0;0;0;0;0;night;0;1;-10.10526316;;2.3;4.2;0;37;0.1492;50;3;;0;42;0;0;0;0;2;0;0
0062298d-e6abad2f;15s;0;0;0;0;0;night;0;1;-6.45;;0;0;0;1.71;0.1602;27.8;3;;0;45;0;0;6;0;4;0;0
0062298d-e6abad2f;20s;0;0;0;0;0;night;0;1;-12.45;;0;0;0;0;0.1358;39.8;3;;1;52;6;0;1;0;1;0;0
0062298d-e6abad2f;25s;0;0;0;0;0;night;0;0;-2.4;;0;0;0;0;0.0822;49.6;4;;5;15;2;1;0;0;1;0;0
0062298d-e6abad2f;30s;0;0;0;0;0;night;0;0;-62.9;;0;0;0;0;0.376;14;4;;0;9;0;0;0;0;4;0;0
0062298d-e6abad2f;35s;0;0;0;0;0;night;0;0;-20.6;;0;0;0;0;0.1984;32;4;;2;13;0;0;0;0;0;1;0
0062298d-fd69d0ec;5s;0;0;0;0;0;night;1;0;-31.6;;0;0;0;1.78;0.1578;5;3;;0;26;0;0;13;0;1;0;0
0062298d-fd69d0ec;10s;0;1;0;0;0;night;1;0;-22.3;;0;0;0;0.81;0.2274;26.2;4;;0;17;0;1;0;0;6;0;0
0062298d-fd69d0ec;15s;0;1;0;0;0;night;1;0;-21.1;;0;0;0;4.62;0.2222;31.8;3;;1;15;0;0;0;0;4;0;0
0062298d-fd69d0ec;20s;0;0;0;0;0;night;1;0;-45.4;;0;0;0;11.35;0.268;44.2;4;;1;18;0;1;0;0;2;0;0
0062298d-fd69d0ec;25s;0;0;0;0;0;night;1;0;-33.65;;0;0;0;1.33;0.4764;39;4;;0;10;0;0;0;0;2;0;0
0062298d-fd69d0ec;30s;0;0;0;0;0;night;1;1;-17.85;;0;0;0;0;0.225;24.4;4;;0;50;0;0;0;0;0;0;0
0062298d-fd69d0ec;35s;0;0;0;0;0;night;1;1;-25.15;;0;0;0;0;0.236;45.2;4;;0;38;2;0;1;0;1;0;0
0062e803-38c0a33a;5s;0;0;0;0;3;daytime;1;1;-12.9;;0;0;0;12.73;0.0926;17.4;4;;13;42;0;1;19;0;2;2;3
0062e803-38c0a33a;10s;0;0;0;0;3;daytime;1;2;-6.9;;0;0;0;2.8;0.1068;48.6;4;;2;71;0;0;1;0;4;3;0
0062e803-38c0a33a;15s;0;0;0;0;3;daytime;1;2;-3.1;;1.5;0.7;1;3.24;0.1034;49.8;4;;0;70;0;1;10;0;8;0;0
0062e803-38c0a33a;20s;0;0;0;0;3;daytime;1;1;-2.25;;-2.3;1.6;0;5.45;0.0434;50;4;;1;52;0;0;13;0;7;0;0
0062f18d-f8cd3a65;5s;0;0;0;0;0;daytime;1;1;-17.15;;0;0;0;2.6;0.0235;26.5;3;;9;51;0;5;13;0;9;0;0
0062f18d-f8cd3a65;10s;0;0;0;1;0;daytime;1;0;-8.9;;0;0;0;3.28;0.1632;42.2;3;;26;29;0;2;15;0;11;0;0
0062f18d-f8cd3a65;15s;0;0;0;0;0;daytime;1;0;-20.15;;0;0;0;10.64;0.0946;50;4;;19;22;0;0;12;0;11;0;0
006382a3-4a442001;5s;0;0;0;0;1;daytime;1;1;-29.65;;0;0;0;0;0.1016;49.6;3;;4;54;0;0;1;0;1;0;0
006382a3-4a442001;10s;0;0;0;0;1;daytime;1;1;-18.05;;2.4;1.1;1;0;0.009;40;3;;3;47;1;0;14;0;1;0;0
006382a3-4a442001;15s;0;0;0;0;1;daytime;1;1;-6.5;;-1.9;2.1;0;0;0.2904;37.6;3;;8;37;0;0;14;0;2;0;0
006382a3-4a442001;25s;0;0;0;0;1;daytime;1;1;-45.4;;0;0;0;0.27;0.013;42.6;4;;16;54;0;1;40;0;0;0;0
006382a3-4a442001;30s;0;0;0;0;1;daytime;1;1;-44.6;;0;0;0;1.03;0.049;34.8;4;;1;47;0;0;21;0;1;0;0
006382a3-4a442001;35s;0;0;0;0;1;daytime;1;2;-35.8;;0;0;0;8.42;0.1132;14.2;3;;2;65;0;0;29;0;2;0;0
